name,datetime,tempmax,tempmin,temp,feelslikemax,feelslikemin,feelslike,dew,humidity,precip,precipprob,precipcover,preciptype,snow,snowdepth,windgust,windspeed,winddir,sealevelpressure,cloudcover,visibility,solarradiation,solarenergy,uvindex,severerisk,sunrise,sunset,moonphase,conditions,description,icon,stations
australia,2024-01-01,80,58.4,66.5,80.4,58.4,66.6,56.7,72,0,0,0,,0,0,20.6,12.4,86.8,1021,76.3,6.2,304.9,26.4,10,10,2024-01-01T05:51:46,2024-01-01T20:21:25,0.66,Partially cloudy,Partly cloudy throughout the day.,partly-cloudy-day,"YSCB,95925099999,94925099999,F0067,94927099999,95716099999,94926099999"
australia,2024-01-02,80.5,63,70.5,81.7,63,70.5,61.8,75.7,0.028,100,8.33,rain,0,0,18.6,11,53.6,1018.3,76.9,6.2,214.3,18.4,10,10,2024-01-02T05:52:31,2024-01-02T20:21:36,0.69,"Rain, Partially cloudy",Partly cloudy throughout the day with rain in the morning and afternoon.,rain,"YSCB,95925099999,94925099999,F0067,94927099999,95716099999,94926099999"
australia,2024-01-03,85.5,64.2,72.3,86.7,64.2,72.7,64.2,78,0.13,100,12.5,rain,0,0,15,14.1,340,1016,82.6,6.2,232.5,20.2,10,30,2024-01-03T05:53:17,2024-01-03T20:21:44,0.73,"Rain, Partially cloudy",Partly cloudy throughout the day with rain.,rain,"YSCB,95925099999,94925099999,F0067,94927099999,95716099999,94926099999"
australia,2024-01-04,74.3,62.9,67.3,74.3,62.9,67.3,63.8,89.3,0.38,100,12.5,rain,0,0,24.6,12.7,105.1,1017.6,90.1,6.2,168.7,14.7,7,10,2024-01-04T05:54:05,2024-01-04T20:21:51,0.75,"Rain, Overcast",Cloudy skies throughout the day with rain.,rain,"YSCB,95925099999,94925099999,F0067,94927099999,95716099999,94926099999"
australia,2024-01-05,71.8,58.8,64.9,71.8,58.8,64.9,56.5,75.1,0.001,100,4.17,rain,0,0,22.1,18.6,85.3,1021.5,86.5,6.2,154.7,13.3,7,10,2024-01-05T05:54:54,2024-01-05T20:21:55,0.79,"Rain, Partially cloudy",Partly cloudy throughout the day with early morning rain.,rain,"YSCB,95925099999,F4257,94925099999,F0067,94927099999,95716099999,94926099999"
australia,2024-01-06,76.8,57.1,65.3,76.8,57.1,65.3,51.5,63,0,0,0,,0,0,23.9,14.4,73.1,1020.7,74.7,6.2,359.6,31,10,10,2024-01-06T05:55:44,2024-01-06T20:21:58,0.82,Partially cloudy,Partly cloudy throughout the day.,partly-cloudy-day,"YSCB,95925099999,94925099999,F0067,94927099999,95716099999,94926099999"
australia,2024-01-07,80.8,57.7,69.2,81.6,57.7,69.2,58.2,69.3,0,0,0,rain,0,0,15.2,10,16.6,1016.1,85.6,6.2,248.8,21.3,10,10,2024-01-07T05:56:35,2024-01-07T20:21:59,0.86,Partially cloudy,Partly cloudy throughout the day.,partly-cloudy-day,"YSCB,95925099999,94925099999,F0067,94927099999,95716099999,94926099999"
australia,2024-01-08,74.8,66.2,69.3,74.8,66.2,69.3,66.8,92,0.546,100,16.67,rain,0,0,33.8,17.3,347.9,1010.1,80.3,6.2,88.4,7.6,4,10,2024-01-08T05:57:27,2024-01-08T20:21:58,0.89,"Rain, Partially cloudy",Partly cloudy throughout the day with a chance of rain throughout the day.,rain,"YSCB,95925099999,94925099999,F0067,94927099999,95716099999,94926099999"
australia,2024-01-09,80,62.4,68,81.2,62.4,68,61.2,80.8,0.256,100,8.33,rain,0,0,22.6,14.5,138.6,1012.4,85.1,6.2,225,19.4,10,10,2024-01-09T05:58:21,2024-01-09T20:21:54,0.92,"Rain, Partially cloudy",Partly cloudy throughout the day with rain.,rain,"YSCB,95925099999,94925099999,F0067,94927099999,95716099999,94926099999"
australia,2024-01-10,87.2,62.4,72.9,86.2,62.4,72.8,61.5,72.1,0,0,0,,0,0,14.5,15.3,299.4,1014.2,61.5,6.2,322.8,27.9,10,10,2024-01-10T05:59:15,2024-01-10T20:21:49,0.95,Partially cloudy,Partly cloudy throughout the day.,partly-cloudy-day,"YSCB,95925099999,94925099999,F0067,94927099999,95716099999,94926099999"
australia,2024-01-11,83.8,64,73,86.9,64,73.6,64.7,76.8,0,0,0,rain,0,0,18.3,16.5,76.7,1019.1,50.7,6.2,273.6,23.4,10,10,2024-01-11T06:00:10,2024-01-11T20:21:42,0,Partially cloudy,Partly cloudy throughout the day.,partly-cloudy-day,"YSCB,95925099999,94925099999,F0067,94927099999,95716099999,94926099999"
australia,2024-01-12,85.4,64.8,74.6,84.9,64.8,74.6,61.8,67.1,0,0,0,,0,0,18.8,12.1,61.5,1020.1,47.7,6.2,304.5,26.2,10,10,2024-01-12T06:01:06,2024-01-12T20:21:33,0.02,Partially cloudy,Partly cloudy throughout the day.,partly-cloudy-day,"YSCB,95925099999,94925099999,F0067,94927099999,95716099999,94926099999"
australia,2024-01-13,87.8,60.9,69.8,87.8,60.9,70.1,63.5,83.4,1.392,100,8.33,rain,0,0,27.1,19.8,134.5,1016.9,57.3,6,261.9,22.7,10,10,2024-01-13T06:02:02,2024-01-13T20:21:22,0.05,"Rain, Partially cloudy",Partly cloudy throughout the day with rain.,rain,"YSCB,95925099999,94925099999,F0067,94927099999,95716099999,94926099999"
australia,2024-01-14,71.6,57.6,64.3,71.6,57.6,64.3,57.8,80.6,0.016,100,8.33,rain,0,0,27.1,18.8,127.2,1019.7,88.1,6.2,157.3,13.4,5,10,2024-01-14T06:03:00,2024-01-14T20:21:09,0.09,"Rain, Partially cloudy",Partly cloudy throughout the day with rain.,rain,"YSCB,95925099999,94925099999,F0067,94927099999,95716099999,94926099999"
australia,2024-01-15,67.4,55.6,60.7,67.4,55.6,60.7,54.1,80.1,0.312,100,16.67,rain,0,0,25.5,16.6,113.1,1022.2,95,6.4,103.9,9,4,10,2024-01-15T06:03:58,2024-01-15T20:20:55,0.12,"Rain, Overcast",Cloudy skies throughout the day with a chance of rain throughout the day.,rain,"YSCB,95925099999,94925099999,F0067,94927099999,95716099999,94926099999"
australia,2024-01-16,71,57.2,63.4,71,57.2,63.4,57.1,80.7,0.113,100,8.33,rain,0,0,24.8,11.9,104.4,1016.6,87.5,6.2,157,13.3,6,10,2024-01-16T06:04:57,2024-01-16T20:20:38,0.16,"Rain, Partially cloudy",Partly cloudy throughout the day with rain.,rain,"YSCB,95925099999,94925099999,F0067,94927099999,95716099999,94926099999"
australia,2024-01-17,71.5,57.6,65.4,71.5,57.6,65.4,63.8,95,0.387,100,8.33,rain,0,0,28.6,15.1,348.2,1007.5,88.4,6,102.1,8.8,6,10,2024-01-17T06:05:56,2024-01-17T20:20:19,0.19,"Rain, Partially cloudy",Partly cloudy throughout the day with rain.,rain,"YSCB,95925099999,94925099999,F0067,94927099999,95716099999,94926099999"
australia,2024-01-18,74.8,60.7,68.4,74.8,60.7,68.4,53.2,63.5,0.014,100,8.33,rain,0,0,26.2,21.1,313.5,1003.6,35.4,6.2,344.5,29.7,10,10,2024-01-18T06:06:56,2024-01-18T20:19:59,0.25,"Rain, Partially cloudy",Clearing in the afternoon with rain.,rain,"YSCB,95925099999,94925099999,F0067,94927099999,95716099999,94926099999"
australia,2024-01-19,77.3,53.6,65.9,77.3,53.6,65.9,49.8,58,0,0,0,,0,0,21.7,18.9,350.6,1007.7,41.4,6.2,367.2,31.7,10,10,2024-01-19T06:07:56,2024-01-19T20:19:36,0.26,Partially cloudy,Partly cloudy throughout the day.,partly-cloudy-day,"YSCB,95925099999,94925099999,F0067,94927099999,95716099999,94926099999"
australia,2024-01-20,78.7,57.3,68.4,78.7,57.3,68.4,56.4,68.5,0,0,0,,0,0,19.5,13.2,347.3,1010.3,91.8,6.2,282.1,24.4,10,10,2024-01-20T06:08:57,2024-01-20T20:19:12,0.3,Overcast,Cloudy skies throughout the day.,cloudy,"YSCB,95925099999,94925099999,F0067,94927099999,95716099999,94926099999"
australia,2024-01-21,89.6,53.7,72.4,86.3,53.7,71.6,52.2,56.4,0,0,0,,0,0,39.1,22.2,305.2,1006.1,14.4,6.6,340.3,29.3,10,10,2024-01-21T06:09:58,2024-01-21T20:18:46,0.33,Clear,Clear conditions throughout the day.,clear-day,"YSCB,95925099999,94925099999,F0067,94927099999,95716099999,94926099999"
australia,2024-01-22,76.7,53.9,64.2,76.7,53.9,64.2,53.3,69.6,0,0,0,,0,0,20.8,17.7,111.2,1011.4,80.1,6.2,323.1,27.8,10,10,2024-01-22T06:11:00,2024-01-22T20:18:18,0.37,Partially cloudy,Partly cloudy throughout the day.,partly-cloudy-day,"YSCB,95925099999,94925099999,F0067,94927099999,95716099999,94926099999"
australia,2024-01-23,78.2,58.8,66.6,78.2,58.8,66.6,55.6,69.5,0.002,100,4.17,rain,0,0,24.6,10.8,68.1,1014.3,72.8,6.2,333.5,28.8,10,10,2024-01-23T06:12:02,2024-01-23T20:17:48,0.41,"Rain, Partially cloudy",Partly cloudy throughout the day with afternoon rain.,rain,"YSCB,95925099999,94925099999,F0067,94927099999,95716099999,94926099999"
australia,2024-01-24,80.4,54.1,68.4,81.1,54.1,68.5,59.5,76,0,0,0,,0,0,29.8,15.2,352.3,1011.7,57.3,6.2,133,11.7,7,10,2024-01-24T06:13:04,2024-01-24T20:17:16,0.44,Partially cloudy,Partly cloudy throughout the day.,partly-cloudy-day,"YSCB,95925099999,94925099999,F0067,94927099999,95716099999,94926099999"
australia,2024-01-25,84.1,66,75,85,66,75.5,63,67.2,0.002,100,4.17,rain,0,0,24.8,12.6,1.1,1009.8,91.7,6.2,157.7,13.5,6,10,2024-01-25T06:14:06,2024-01-25T20:16:43,0.48,"Rain, Overcast",Cloudy skies throughout the day with late afternoon rain.,rain,"YSCB,95925099999,94925099999,F0067,94927099999,95716099999,94926099999"
australia,2024-01-26,80,64.2,73,79.7,64.2,73,59,65.3,0.008,100,4.17,rain,0,0,33.3,17.5,311.9,1004.3,78.9,6.2,202,17.2,7,10,2024-01-26T06:15:09,2024-01-26T20:16:08,0.5,"Rain, Partially cloudy",Partly cloudy throughout the day with early morning rain.,rain,"YSCB,95925099999,94925099999,F0067,94927099999,95716099999,94926099999"
australia,2024-01-27,80.3,53.9,67,79.3,53.9,67,50,59.9,0,0,0,,0,0,20.8,16.5,339.2,1006.2,48.4,6.2,318.8,27.5,10,10,2024-01-27T06:16:12,2024-01-27T20:15:31,0.54,Partially cloudy,Partly cloudy throughout the day.,partly-cloudy-day,"YSCB,95925099999,94925099999,F0067,94927099999,95716099999,94926099999"
australia,2024-01-28,80.2,51.5,65.9,80,51.5,65.9,53.5,69.1,0,0,0,,0,0,24.2,18.6,56.7,1010.4,35.5,6.2,337.2,29.2,10,10,2024-01-28T06:17:15,2024-01-28T20:14:52,0.58,Partially cloudy,Partly cloudy throughout the day.,partly-cloudy-day,"YSCB,95925099999,94925099999,F0067,94927099999,95716099999,94926099999"
australia,2024-01-29,87.5,59.2,72.7,86.2,59.2,72.4,57,61.9,0,0,0,,0,0,22.8,13.2,48.2,1011.9,31.1,6.2,343.5,29.5,10,10,2024-01-29T06:18:17,2024-01-29T20:14:12,0.61,Partially cloudy,Clearing in the afternoon.,partly-cloudy-day,"YSCB,95925099999,94925099999,F0067,94927099999,95716099999,94926099999"
australia,2024-01-30,82.5,57.4,71.1,84.7,57.4,71.4,58.9,66.7,0,0,0,,0,0,24.2,12.2,78.8,1013.5,52.6,6.2,283.5,24.4,10,10,2024-01-30T06:19:20,2024-01-30T20:13:30,0.64,Partially cloudy,Partly cloudy throughout the day.,partly-cloudy-day,"YSCB,95925099999,94925099999,F0067,94927099999,95716099999,94926099999"
australia,2024-01-31,77,64.1,69.4,77,64.1,69.4,62.2,78.5,0.012,100,4.17,rain,0,0,16.3,17.5,72.8,1013.4,90.5,6.2,204,17.6,10,10,2024-01-31T06:20:23,2024-01-31T20:12:47,0.67,"Rain, Overcast",Cloudy skies throughout the day with morning rain.,rain,"YSCB,95925099999,94925099999,F0067,94927099999,95716099999,94926099999"
australia,2024-02-01,87.7,61.1,72.3,87.5,61.1,72.2,58.1,64.5,0,0,0,,0,0,22.4,15.7,324.9,1011.7,52.5,6.2,325.6,28.1,10,10,2024-02-01T06:21:26,2024-02-01T20:12:02,0.71,Partially cloudy,Partly cloudy throughout the day.,partly-cloudy-day,"YSCB,95925099999,94925099999,F0067,94927099999,95716099999,94926099999"
australia,2024-02-02,87.3,53.8,71.1,84.8,53.8,70.5,53.8,60.6,0,0,0,,0,0,20.1,17.3,35.2,1008.4,19.4,5.7,344.2,29.7,10,10,2024-02-02T06:22:29,2024-02-02T20:11:15,0.74,Clear,Clear conditions throughout the day.,clear-day,"YSCB,95925099999,94925099999,F0067,94927099999,95716099999,94926099999"
australia,2024-02-03,87.4,57.7,72.1,85.4,57.7,71.7,57.1,64.2,0,0,0,,0,0,17.4,12.3,18.8,1011.4,45.8,6.2,339.3,29.3,10,10,2024-02-03T06:23:32,2024-02-03T20:10:27,0.75,Partially cloudy,Clearing in the afternoon.,partly-cloudy-day,"YSCB,95925099999,94925099999,F0067,94927099999,95716099999,94926099999"
australia,2024-02-04,90.8,59.1,74.4,88.4,59.1,73.9,57.2,60.3,0,0,0,,0,0,23.9,16.2,338,1008.8,91.9,6.2,236.5,20.6,8,10,2024-02-04T06:24:35,2024-02-04T20:09:37,0.81,Overcast,Cloudy skies throughout the day.,cloudy,"YSCB,95925099999,94925099999,F0067,94927099999,95716099999,94926099999"
australia,2024-02-05,77.9,65.8,69.5,77.9,65.8,69.5,65.2,87.7,0.511,100,16.67,rain,0,0,22.1,14.8,6.5,1010,97.7,6.2,49.5,4.4,2,10,2024-02-05T06:25:37,2024-02-05T20:08:46,0.84,"Rain, Overcast",Cloudy skies throughout the day with a chance of rain throughout the day.,rain,"YSCB,95925099999,F4257,94925099999,F0067,94927099999,95716099999,94926099999"
australia,2024-02-06,78.5,58.9,67.4,78.5,58.9,67.4,62.2,84.3,0.453,100,8.33,rain,0,0,19.2,12.7,106.4,1012.8,96.2,6.6,134.8,11.8,5,10,2024-02-06T06:26:40,2024-02-06T20:07:53,0.87,"Rain, Overcast",Cloudy skies throughout the day with rain.,rain,"YSCB,95925099999,94925099999,F0067,94927099999,95716099999,94926099999"
australia,2024-02-07,73,49.9,61.1,73,46.6,60.9,48.7,65,0,0,0,,0,0,22.6,17.5,122.6,1021.6,66.4,6.2,299.3,25.9,10,10,2024-02-07T06:27:42,2024-02-07T20:06:59,0.9,Partially cloudy,Partly cloudy throughout the day.,partly-cloudy-day,"YSCB,95925099999,94925099999,F0067,94927099999,95716099999,94926099999"
australia,2024-02-08,72.8,55.5,63.6,72.8,55.5,63.6,51,65.2,0,0,0,,0,0,18.6,14.4,104.7,1024.8,72.6,6.2,312.5,27.1,10,10,2024-02-08T06:28:44,2024-02-08T20:06:04,0.94,Partially cloudy,Partly cloudy throughout the day.,partly-cloudy-day,"YSCB,95925099999,94925099999,F0067,94927099999,95716099999,94926099999"
australia,2024-02-09,82.2,48.3,64.8,80.9,47.1,64.4,51.3,67.2,0,0,0,,0,0,24.2,14.5,95.9,1022.4,22.7,6.2,334.4,29,10,10,2024-02-09T06:29:46,2024-02-09T20:05:07,0.97,Partially cloudy,Partly cloudy throughout the day.,partly-cloudy-day,"YSCB,95925099999,94925099999,F0067,94927099999,95716099999,94926099999"
australia,2024-02-10,71.6,59,65,71.6,59,65,55.7,73.3,0.018,100,8.33,rain,0,0,21.9,14.3,124.8,1024.9,89.8,6.1,312.5,27.1,10,10,2024-02-10T06:30:47,2024-02-10T20:04:08,0,"Rain, Partially cloudy",Partly cloudy throughout the day with rain.,rain,"YSCB,95925099999,94925099999,F0067,94927099999,95716099999,94926099999"
australia,2024-02-11,80.1,57.1,66.4,80,57.1,66.4,54.8,69.3,0.007,100,8.33,rain,0,0,19,8,64,1022.4,51.6,6.1,284,24.5,10,10,2024-02-11T06:31:49,2024-02-11T20:03:09,0.04,"Rain, Partially cloudy",Partly cloudy throughout the day with rain clearing later.,rain,"YSCB,95925099999,94925099999,F0067,94927099999,95716099999,94926099999"
australia,2024-02-12,85.9,53.3,70.3,85.7,53.3,70.3,57.2,67.9,0,0,0,,0,0,9.6,12.3,8.9,1018.9,19.2,6.2,322.1,27.8,10,10,2024-02-12T06:32:50,2024-02-12T20:02:08,0.07,Clear,Clear conditions throughout the day.,clear-day,"YSCB,95925099999,94925099999,F0067,94927099999,95716099999,94926099999"
australia,2024-02-13,85.6,58.5,70.7,85.7,58.5,70.8,58.7,68.8,0.002,100,4.17,rain,0,0,31.1,19.1,327.8,1014.2,27.8,6.2,297.3,25.6,10,10,2024-02-13T06:33:50,2024-02-13T20:01:06,0.11,"Rain, Partially cloudy",Partly cloudy throughout the day with late afternoon rain.,rain,"YSCB,95925099999,94925099999,F0067,94927099999,95716099999,94926099999"
australia,2024-02-14,80.1,58.7,68.1,80.7,58.7,68.1,59.5,76.6,0.396,100,8.33,rain,0,0,32.4,18.3,0.4,1013.1,75.7,6.1,254.8,22,10,10,2024-02-14T06:34:51,2024-02-14T20:00:03,0.14,"Rain, Partially cloudy",Partly cloudy throughout the day with rain.,rain,"YSCB,95925099999,94925099999,F0067,94927099999,95716099999,94926099999"
australia,2024-02-15,69.1,57,61.9,69.1,57,61.9,54.1,75.9,0,0,0,rain,0,0,17.4,13.5,91.8,1020.9,97.1,6.2,122,10.5,5,10,2024-02-15T06:35:51,2024-02-15T19:58:59,0.17,Overcast,Cloudy skies throughout the day.,cloudy,"YSCB,95925099999,94925099999,F0067,94927099999,95716099999,94926099999"
australia,2024-02-16,80.3,60.7,68,81.6,60.7,68.1,60.6,78.3,0.001,100,4.17,rain,0,0,19.7,12.2,111,1021.9,84.4,6.2,228.7,19.9,10,30,2024-02-16T06:36:51,2024-02-16T19:57:53,0.21,"Rain, Partially cloudy",Partly cloudy throughout the day with afternoon rain.,rain,"YSCB,95925099999,94925099999,F0067,94927099999,95716099999,94926099999"
australia,2024-02-17,86,59.7,70.7,87,59.7,71,62.2,77.2,0.468,100,4.17,rain,0,0,20.4,19.7,5.1,1021.2,70,6,274.5,23.8,10,10,2024-02-17T06:37:50,2024-02-17T19:56:47,0.25,"Rain, Partially cloudy",Partly cloudy throughout the day with late afternoon rain.,rain,"YSCB,95925099999,94925099999,F0067,94927099999,95716099999,94926099999"
australia,2024-02-18,87.7,61.1,71.5,85.9,61.1,71.5,60,72.3,0.039,100,12.5,rain,0,0,32.2,20.2,32.8,1018.8,62.3,6.6,290.7,25.1,10,30,2024-02-18T06:38:49,2024-02-18T19:55:39,0.28,"Rain, Partially cloudy",Partly cloudy throughout the day with rain.,rain,"YSCB,95925099999,94925099999,F0067,94927099999,95716099999,94926099999"
australia,2024-02-19,80.4,57.2,67.7,81.6,57.2,67.8,58.9,74.9,0.001,100,4.17,rain,0,0,15.4,16.6,81.6,1018.9,84.8,6.2,259.2,22.6,10,30,2024-02-19T06:39:48,2024-02-19T19:54:30,0.31,"Rain, Partially cloudy",Partly cloudy throughout the day with late afternoon rain.,rain,"YSCB,95925099999,94925099999,F0067,94927099999,95716099999,94926099999"
australia,2024-02-20,77.2,60.8,67.6,77.2,60.8,67.6,58.3,73.8,0.005,100,4.17,rain,0,0,17.4,16.5,79.1,1019,76.9,6.2,219.8,19.1,9,10,2024-02-20T06:40:46,2024-02-20T19:53:21,0.35,"Rain, Partially cloudy",Partly cloudy throughout the day with late afternoon rain.,rain,"YSCB,95925099999,94925099999,F0067,94927099999,95716099999,94926099999"
australia,2024-02-21,74.8,55.5,65.4,74.8,55.5,65.4,58.9,80.9,0.093,100,8.33,rain,0,0,15,14.3,94.4,1017.4,72.6,6.1,199.1,17.3,8,10,2024-02-21T06:41:44,2024-02-21T19:52:10,0.38,"Rain, Partially cloudy",Partly cloudy throughout the day with rain.,rain,"YSCB,95925099999,94925099999,F0067,94927099999,95716099999,94926099999"
australia,2024-02-22,87.5,60.5,71.9,86.5,60.5,71.7,58.9,68.7,0.006,100,4.17,rain,0,0,20.6,15.6,334.9,1013.5,37.1,6.2,302.8,26.3,9,10,2024-02-22T06:42:42,2024-02-22T19:50:58,0.41,"Rain, Partially cloudy",Partly cloudy throughout the day with early morning rain.,rain,"YSCB,95925099999,94925099999,F0067,94927099999,95716099999,94926099999"
australia,2024-02-23,83.8,58.8,69.5,85.1,58.8,69.5,57.4,68.6,0.135,100,4.17,rain,0,0,32,16.4,320.2,1008.8,50.3,6.9,198.8,17.3,10,10,2024-02-23T06:43:39,2024-02-23T19:49:46,0.45,"Rain, Partially cloudy",Partly cloudy throughout the day with afternoon rain.,rain,"YSCB,95925099999,94925099999,F0067,94927099999,95716099999,94926099999"
australia,2024-02-24,73.4,57.1,64.3,73.4,57.1,64.3,55.1,73.3,0,0,0,,0,0,21,15.7,76.6,1016.6,82.6,6.2,182.9,15.8,9,10,2024-02-24T06:44:36,2024-02-24T19:48:32,0.5,Partially cloudy,Partly cloudy throughout the day.,partly-cloudy-day,"YSCB,95925099999,94925099999,F0067,94927099999,95716099999,94926099999"
australia,2024-02-25,84.1,47.1,66.2,82.2,47.1,66,51.7,64.1,0,0,0,,0,0,19.9,14.1,359.7,1016.7,28.8,6.2,297,25.6,9,10,2024-02-25T06:45:32,2024-02-25T19:47:18,0.52,Partially cloudy,Clearing in the afternoon.,partly-cloudy-day,"YSCB,95925099999,94925099999,F0067,94927099999,95716099999,94926099999"
australia,2024-02-26,83.9,55.4,66.9,82.2,55.4,66.7,55,69.6,0,0,0,,0,0,26.2,19,81.2,1015.4,59.8,6,227.8,19.8,9,10,2024-02-26T06:46:29,2024-02-26T19:46:03,0.55,Partially cloudy,Partly cloudy throughout the day.,partly-cloudy-day,"YSCB,95925099999,94925099999,F0067,94927099999,95716099999,94926099999"
australia,2024-02-27,76.6,59.3,66,76.6,59.3,66,57.8,75.5,0,0,0,,0,0,21.5,11.3,74.2,1018.4,86.2,6.2,212.5,18.3,10,10,2024-02-27T06:47:24,2024-02-27T19:44:47,0.58,Partially cloudy,Partly cloudy throughout the day.,partly-cloudy-day,"YSCB,95925099999,94925099999,F0067,94927099999,95716099999,94926099999"
australia,2024-02-28,89.5,64.4,74.8,90.6,64.4,75.1,62.5,69,0,0,0,,0,0,19.7,16.5,12,1016.9,80.9,6.2,242.5,21.1,9,10,2024-02-28T06:48:20,2024-02-28T19:43:31,0.62,Partially cloudy,Partly cloudy throughout the day.,partly-cloudy-day,"YSCB,95925099999,94925099999,F0067,94927099999,95716099999,94926099999"
australia,2024-02-29,89.5,64.9,77,87.6,64.9,76.7,62.2,65.1,0,0,0,,0,0,27.5,14.7,328.2,1014.7,71.8,6.2,133.3,11.6,5,30,2024-02-29T06:49:15,2024-02-29T19:42:13,0.65,Partially cloudy,Partly cloudy throughout the day.,partly-cloudy-day,"YSCB,95925099999,94925099999,F0067,94927099999,95716099999,94926099999"
australia,2024-03-01,89.8,62.9,76.3,87.8,62.9,76,58.7,57.9,0,0,0,,0,0,24.4,17.6,308.1,1014.8,80,6.2,216.8,18.8,9,10,2024-03-01T06:50:10,2024-03-01T19:40:55,0.69,Partially cloudy,Partly cloudy throughout the day.,partly-cloudy-day,"YSCB,95925099999,94925099999,F0067,94927099999,95716099999,94926099999"
australia,2024-03-02,83.8,60.8,68.4,81.3,60.8,68.1,55.9,69.6,0.004,100,4.17,rain,0,0,24.2,15.9,28.2,1013.8,87.7,6.2,142.8,12.4,6,10,2024-03-02T06:51:04,2024-03-02T19:39:37,0.72,"Rain, Partially cloudy",Partly cloudy throughout the day with morning rain.,rain,"YSCB,95925099999,94925099999,F0067,94927099999,95716099999,94926099999"
australia,2024-03-03,81.9,53.6,67.5,80.2,53.6,67.2,48.9,58.6,0,0,0,,0,0,19.9,20.2,314.2,1014.4,45.8,6.2,271.9,23.5,9,10,2024-03-03T06:51:58,2024-03-03T19:38:18,0.75,Partially cloudy,Partly cloudy throughout the day.,partly-cloudy-day,"YSCB,95925099999,94925099999,F0067,94927099999,95716099999,94926099999"
australia,2024-03-04,75.2,48.5,60.6,75.2,46,60.5,44.4,58.6,0,0,0,,0,0,25.1,18.9,110.5,1021.2,25.8,6.2,286.9,24.8,9,10,2024-03-04T06:52:52,2024-03-04T19:36:58,0.75,Partially cloudy,Clearing in the afternoon.,partly-cloudy-day,"YSCB,95925099999,94925099999,F0067,94927099999,95716099999,94926099999"
australia,2024-03-05,80.6,44.6,62.3,80,44.6,62,48.7,66.1,0,0,0,,0,0,14.3,11.1,6.8,1021.7,54.7,6.2,271.1,23.4,9,10,2024-03-05T06:53:45,2024-03-05T19:35:37,0.82,Partially cloudy,Partly cloudy throughout the day.,partly-cloudy-day,"YSCB,95925099999,94925099999,F0067,94927099999,95716099999,94926099999"
australia,2024-03-06,84.2,51.5,67.2,82.5,51.5,66.8,50.7,61.1,0.001,100,4.17,rain,0,0,16.6,10.9,302.4,1019.3,47.6,6.2,191.1,16.5,9,10,2024-03-06T06:54:38,2024-03-06T19:34:17,0.85,"Rain, Partially cloudy",Partly cloudy throughout the day with afternoon rain.,rain,"YSCB,95925099999,94925099999,F0067,94927099999,95716099999,94926099999"
australia,2024-03-07,82.6,51.5,67.2,82.4,51.5,67.1,53.2,63.4,0,0,0,,0,0,23.3,18.9,79.5,1022.3,35,6.2,267.8,23,8,10,2024-03-07T06:55:31,2024-03-07T19:32:55,0.89,Partially cloudy,Partly cloudy throughout the day.,partly-cloudy-day,"YSCB,95925099999,94925099999,F0067,94927099999,95716099999,94926099999"
australia,2024-03-08,85.3,62.8,72.4,85.4,62.8,72.4,56.4,58.3,0,0,0,rain,0,0,22.1,11.1,71.1,1024.8,82.4,6.6,269.5,23.4,10,10,2024-03-08T06:56:24,2024-03-08T19:31:33,0.92,Partially cloudy,Partly cloudy throughout the day.,partly-cloudy-day,"YSCB,95925099999,94925099999,F0067,94927099999,95716099999,94926099999"
australia,2024-03-09,87.4,60.8,73.3,85.1,60.8,72.8,56.4,60.8,0,0,0,,0,0,23.5,12.4,49.1,1025.2,42.6,6.2,270.3,23.2,8,10,2024-03-09T06:57:16,2024-03-09T19:30:11,0.96,Partially cloudy,Partly cloudy throughout the day.,partly-cloudy-day,"YSCB,95925099999,94925099999,F0067,94927099999,95716099999,94926099999"
australia,2024-03-10,87.5,51.9,69.5,84.5,51.9,68.8,51.2,59.9,0,0,0,,0,0,15.4,12.3,19,1027,12.4,6.2,241.8,20.9,9,10,2024-03-10T06:58:08,2024-03-10T19:28:49,0,Clear,Clear conditions throughout the day.,clear-day,"YSCB,95925099999,F4257,94925099999,F0067,94927099999,95716099999,94926099999"
australia,2024-03-11,84.2,51.7,67.1,82.2,51.7,66.8,52.8,66.3,0,0,0,,0,0,10.5,9.7,22.4,1025.2,60.8,6.2,227,19.7,9,10,2024-03-11T06:58:59,2024-03-11T19:27:26,0.02,Partially cloudy,Partly cloudy throughout the day.,partly-cloudy-day,"YSCB,95925099999,94925099999,F0067,94927099999,95716099999,94926099999"
australia,2024-03-12,92.3,48.5,68.9,88.7,48.5,68.1,50,58.6,0,0,0,,0,0,26.8,15.6,79.3,1019.2,63.2,6.2,262.6,22.7,9,10,2024-03-12T06:59:50,2024-03-12T19:26:02,0.06,Partially cloudy,Partly cloudy throughout the day.,partly-cloudy-day,"YSCB,95925099999,94925099999,F0067,94927099999,95716099999,94926099999"
australia,2024-03-13,85.3,56.8,70.7,83.6,56.8,70.4,54.2,58.8,0,0,0,,0,0,10.7,8.9,42.9,1016.6,74,6.2,182.6,15.9,8,10,2024-03-13T07:00:41,2024-03-13T19:24:39,0.09,Partially cloudy,Partly cloudy throughout the day.,partly-cloudy-day,"YSCB,95925099999,94925099999,F0067,94927099999,95716099999,94926099999"
australia,2024-03-14,82,60.5,69.8,81.5,60.5,69.7,59.5,74.6,0.378,100,4.17,rain,0,0,30.2,17,222.5,1012.5,88.8,6.2,123,10.6,9,10,2024-03-14T07:01:32,2024-03-14T19:23:15,0.12,"Rain, Partially cloudy",Partly cloudy throughout the day with late afternoon rain.,rain,"YSCB,95925099999,94925099999,F0067,94927099999,95716099999,94926099999"
australia,2024-03-15,67.5,55.7,60.1,67.5,55.7,60.1,53.6,80,0.151,100,4.17,rain,0,0,25.7,19.7,123,1020.7,83.8,6.2,227.3,19.6,10,10,2024-03-15T07:02:23,2024-03-15T19:21:51,0.16,"Rain, Partially cloudy",Partly cloudy throughout the day with early morning rain.,rain,"YSCB,95925099999,94925099999,F0067,94927099999,95716099999,94926099999"
australia,2024-03-16,71.6,46.8,59.9,71.6,44.8,59.8,51,75.6,0.006,100,4.17,rain,0,0,21.7,12.3,80.5,1021.6,85.4,6.2,171.2,14.7,10,10,2024-03-16T07:03:13,2024-03-16T19:20:26,0.19,"Rain, Partially cloudy",Partly cloudy throughout the day with morning rain.,rain,"YSCB,95925099999,94925099999,F0067,94927099999,95716099999,94926099999"
australia,2024-03-17,67.9,55.5,61.2,67.9,55.5,61.2,56.1,84.3,0.049,100,12.5,rain,0,0,19.2,15.1,104.4,1016.8,95.3,6.5,121.3,10.5,8,10,2024-03-17T07:04:03,2024-03-17T19:19:02,0.25,"Rain, Overcast",Cloudy skies throughout the day with rain.,rain,"YSCB,95925099999,94925099999,F0067,94927099999,95716099999,94926099999"
australia,2024-03-18,72.8,58.6,64.4,72.8,58.6,64.4,58.1,80.7,0.02,100,12.5,rain,0,0,20.8,12.4,128.4,1016.2,89.7,6.1,151.7,13.2,7,10,2024-03-18T07:04:53,2024-03-18T19:17:37,0.26,"Rain, Partially cloudy",Partly cloudy throughout the day with rain.,rain,"YSCB,95925099999,94925099999,F0067,94927099999,95716099999,94926099999"
australia,2024-03-19,84.1,59.3,71,82.7,59.3,70.8,57,65.5,0,0,0,,0,0,16.8,12.8,0.7,1016,54.6,6.2,256.5,22.1,8,10,2024-03-19T07:05:43,2024-03-19T19:16:12,0.29,Partially cloudy,Partly cloudy throughout the day.,partly-cloudy-day,"YSCB,95925099999,94925099999,F0067,94927099999,95716099999,94926099999"
australia,2024-03-20,73.3,51.7,66.5,73.3,51.7,66.5,53.7,66.4,0.123,100,20.83,rain,0,0,28,16.1,317,1017.9,81.4,6.3,209,18,8,10,2024-03-20T07:06:33,2024-03-20T19:14:48,0.32,"Rain, Partially cloudy",Partly cloudy throughout the day with rain clearing later.,rain,"YSCB,F0067,remote"
australia,2024-03-21,66.1,37.3,52.5,66.1,31.9,50.8,39.1,63.1,0,0,0,,0,0,21.9,15,102.2,1028.1,0,6.2,246.6,21.3,8,10,2024-03-21T07:07:22,2024-03-21T19:13:23,0.36,Clear,Clear conditions throughout the day.,clear-day,"YSCB,F0067"
australia,2024-03-22,73.3,44.5,56.7,73.3,40.6,55.8,44,68.1,0,0,0,,0,0,9.6,8.1,311.7,1024.3,22.5,9.1,251.8,21.7,8,10,2024-03-22T07:08:11,2024-03-22T19:11:58,0.39,Partially cloudy,Partly cloudy throughout the day.,partly-cloudy-day,"YSCB,F0067"
australia,2024-03-23,73.8,47.7,59.5,73.8,46.3,59.2,46,64.1,0.024,38.7,16.67,rain,0,0,15.9,8.5,85.5,1021.3,78.9,14.8,204.3,17.6,8,10,2024-03-23T07:09:00,2024-03-23T19:10:33,0.42,Partially cloudy,Partly cloudy throughout the day.,partly-cloudy-day,
australia,2024-03-24,75.3,53.5,61.8,75.3,53.5,61.8,47.8,66.1,0,6.5,0,,0,0,20.4,12.3,307.3,1018.9,21.8,15,255.4,22.1,9,10,2024-03-24T07:09:49,2024-03-24T19:09:08,0.46,Partially cloudy,Partly cloudy throughout the day.,partly-cloudy-day,
australia,2024-03-25,75.1,49.2,60.4,75.1,49.2,60.4,43.8,61.6,0,0,0,,0,0,23.5,14.5,299.7,1018.6,2.5,15,257.3,22.2,9,10,2024-03-25T07:10:38,2024-03-25T19:07:43,0.5,Clear,Clear conditions throughout the day.,clear-day,
australia,2024-03-26,78.9,47.4,60.7,78.9,47.4,60.7,39.9,51.1,0,0,0,,0,0,19.5,12.1,330.3,1019.7,7.2,15,257.2,22.3,9,10,2024-03-26T07:11:27,2024-03-26T19:06:18,0.53,Clear,Clear conditions throughout the day.,clear-day,
australia,2024-03-27,73.5,51,59.7,73.5,51,59.7,48.1,70.9,0.004,16.1,4.17,rain,0,0,22.6,10.7,104,1021.7,27.7,15,226.9,19.5,8,10,2024-03-27T07:12:15,2024-03-27T19:04:54,0.56,Partially cloudy,Becoming cloudy in the afternoon.,partly-cloudy-day,
australia,2024-03-28,63.9,47.9,54.6,63.9,45.6,54.1,47.4,77.8,0.004,9.7,4.17,rain,0,0,23,11.6,120.8,1028,44.4,15,136.4,11.9,5,10,2024-03-28T07:13:04,2024-03-28T19:03:29,0.59,Partially cloudy,Partly cloudy throughout the day.,partly-cloudy-day,
australia,2024-03-29,67.2,47.6,56.4,67.2,45.1,55.9,47.2,73.3,0,0,0,,0,0,19.2,10.5,113.8,1031.3,30.8,15,195.6,16.8,7,10,2024-03-29T07:13:52,2024-03-29T19:02:05,0.63,Partially cloudy,Clearing in the afternoon.,partly-cloudy-day,
australia,2024-03-30,74.9,47.6,59.7,74.9,47.6,59.7,47.4,68.8,0,3.2,0,,0,0,4.9,3.6,103.7,1027.9,13.7,15,227,19.5,8,10,2024-03-30T07:14:41,2024-03-30T19:00:41,0.66,Clear,Clear conditions throughout the day.,clear-day,
australia,2024-03-31,77.1,53.1,64.4,77.1,53.1,64.4,49.6,63.4,0.004,16.1,4.17,rain,0,0,17.9,7.6,299.9,1021.3,85.5,15,203.3,17.4,7,10,2024-03-31T07:15:29,2024-03-31T18:59:17,0.7,Partially cloudy,Partly cloudy throughout the day.,partly-cloudy-day,
australia,2024-04-01,75.3,54.4,62.2,75.3,54.4,62.2,53,73.9,0.449,32.3,16.67,rain,0,0,21.3,11.2,114.7,1019.9,65,13.2,163,14.1,7,10,2024-04-01T07:16:17,2024-04-01T18:57:53,0.73,Partially cloudy,Partly cloudy throughout the day.,partly-cloudy-day,
australia,2024-04-02,69.2,53.7,59.4,69.2,53.7,59.4,51.1,75.7,0,45.2,0,rain,0,0,20.4,10.5,117.3,1025,56.2,15,165.3,14.1,7,10,2024-04-02T07:17:05,2024-04-02T18:56:30,0.75,"Rain, Partially cloudy",Partly cloudy throughout the day with a chance of rain.,rain,
australia,2024-04-03,65.2,54.4,59.4,65.2,54.4,59.4,52.5,78.9,0.067,25.8,16.67,rain,0,0,18.1,8.1,100.3,1027.2,69.9,14.7,105.8,9.1,4,10,2024-04-03T07:17:54,2024-04-03T18:55:07,0.8,Partially cloudy,Partly cloudy throughout the day.,partly-cloudy-day,
australia,2024-04-04,72.1,54.9,61.7,72.1,54.9,61.7,51.2,70.9,0.02,25.8,12.5,rain,0,0,15.9,7.8,109.6,1023.4,98.9,15,154.3,13.2,6,10,2024-04-04T07:18:42,2024-04-04T18:53:44,0.84,Overcast,Cloudy skies throughout the day.,cloudy,
australia,2024-04-05,71,54.9,61.5,71,54.9,61.5,52,73,0.016,22.6,8.33,rain,0,0,21,10.1,91.4,1021.8,74.6,15,182,16.1,7,10,2024-04-05T07:19:30,2024-04-05T18:52:22,0.87,Partially cloudy,Partly cloudy throughout the day.,partly-cloudy-day,
australia,2024-04-06,71.3,46.7,58.6,0,0,82.7,46.5,68.6,0.035,0,0,,,,,14.8,182.1,1021.1,35,8.9,,,,,2024-04-06T07:20:18,2024-04-06T18:51:00,0.91,Partially cloudy,,partly-cloudy-day,
australia,2024-04-07,69.9,45.8,57.5,0,0,80,45,67.5,0.13,0,0,,,,,13.6,173.2,1021.9,34.5,9,,,,,2024-04-07T06:21:06,2024-04-07T17:49:38,0.94,Partially cloudy,,partly-cloudy-day,
australia,2024-04-08,70.2,45,57.8,0,0,81.9,45,66.5,0.079,0,0,,,,30,13.9,195.1,1021.2,34,9.3,,,,,2024-04-08T06:21:54,2024-04-08T17:48:17,0.98,Partially cloudy,,partly-cloudy-day,
australia,2024-04-09,71.1,44.1,57.6,0,0,81.8,44.9,66.8,0.039,0,0,,,,31.1,12.5,199.3,1021,27.7,9.2,,,,,2024-04-09T06:22:42,2024-04-09T17:46:57,0,Partially cloudy,,partly-cloudy-day,
australia,2024-04-10,69,45.9,57.1,0,0,82.5,46.1,70.5,0.079,0,0,,,,,13,190.2,1021.2,37.9,8.5,,,,,2024-04-10T06:23:30,2024-04-10T17:45:37,0.04,Partially cloudy,,partly-cloudy-day,
australia,2024-04-11,71.3,45.2,58,0,0,82.8,46.1,69.3,0.106,0,0,,,,,13.9,193.5,1020.7,30.4,9.1,,,,,2024-04-11T06:24:19,2024-04-11T17:44:17,0.08,Partially cloudy,,partly-cloudy-day,
australia,2024-04-12,71.3,46.7,58.2,0,0,82.7,45.8,67.2,0.063,0,0,,,,19.7,14.3,196.9,1021.3,32.6,9.6,,,,,2024-04-12T06:25:07,2024-04-12T17:42:58,0.11,Partially cloudy,,partly-cloudy-day,
australia,2024-04-13,70.6,45.9,57.6,0,0,79.6,46.1,69.4,0.083,0,0,,,,,11.9,197,1021,35.6,8.6,,,,,2024-04-13T06:25:55,2024-04-13T17:41:40,0.14,Partially cloudy,,partly-cloudy-day,
australia,2024-04-14,70.1,45.9,57.6,0,0,80.7,46.1,69.3,0.189,0,0,,,,,13,226,1019.5,37.1,8.8,,,,,2024-04-14T06:26:43,2024-04-14T17:40:22,0.17,Partially cloudy,,partly-cloudy-day,
australia,2024-04-15,69.9,45.9,57.5,0,0,82.5,45.8,68.7,0.075,0,0,,,,,13.4,201.7,1019.2,36.1,8.8,,,,,2024-04-15T06:27:31,2024-04-15T17:39:05,0.21,Partially cloudy,,partly-cloudy-day,
australia,2024-04-16,69.5,44.3,56.7,0,0,82.1,44.9,68,0.071,0,0,,,,,12.8,184.6,1020.4,31.9,9.2,,,,,2024-04-16T06:28:20,2024-04-16T17:37:49,0.25,Partially cloudy,,partly-cloudy-day,
australia,2024-04-17,69.7,44.7,56.6,0,0,39.8,45.6,71,0.031,0,0,,,,,12.5,180.4,1021,32.5,8.9,,,,,2024-04-17T06:29:08,2024-04-17T17:36:33,0.27,Partially cloudy,,partly-cloudy-day,
australia,2024-04-18,70.8,45.6,57.6,0,0,42,46.5,70.4,0.031,0,0,,,,28.9,14.5,195.2,1020.5,36.8,8.9,,,,,2024-04-18T06:29:57,2024-04-18T17:35:18,0.31,Partially cloudy,,partly-cloudy-day,
australia,2024-04-19,69,44.9,56.2,0,0,79.2,44.9,69.2,0.079,0,0,,,,,12.8,186.6,1020.7,35.2,8.8,,,,,2024-04-19T06:30:45,2024-04-19T17:34:04,0.34,Partially cloudy,,partly-cloudy-day,
australia,2024-04-20,67.7,44.5,55.8,0,0,42.3,45.2,71.4,0.063,0,0,,,,40.3,14.1,194.8,1020.8,36.5,8.8,,,,,2024-04-20T06:31:33,2024-04-20T17:32:50,0.37,Partially cloudy,,partly-cloudy-day,
australia,2024-04-21,67.2,44.7,55.8,0,0,40.2,45.2,71.4,0.051,0,0,,,,,13.6,184.2,1020.6,35.5,9.2,,,,,2024-04-21T06:32:22,2024-04-21T17:31:38,0.4,Partially cloudy,,partly-cloudy-day,
australia,2024-04-22,66.5,45.9,55.7,0,0,39.5,45.9,72.9,0.079,0,0,,,,30,13.2,188.4,1020.6,42.9,9.3,,,,,2024-04-22T06:33:10,2024-04-22T17:30:26,0.44,Partially cloudy,,partly-cloudy-day,
australia,2024-04-23,68.8,42.3,54.9,0,0,40,44.5,71.5,0.02,0,0,,,,,12.5,196.6,1020.7,31.5,9.2,,,,,2024-04-23T06:33:59,2024-04-23T17:29:15,0.47,Partially cloudy,,partly-cloudy-day,
australia,2024-04-24,66.1,42.7,54.1,0,0,39.1,44.3,73.6,0.047,0,0,,,,,13.2,206.4,1020,36.5,8.9,,,,,2024-04-24T06:34:48,2024-04-24T17:28:05,0.5,Partially cloudy,,partly-cloudy-day,
australia,2024-04-25,66.1,43.4,54.1,0,0,39.8,44.3,73.3,0.134,0,0,,,,,13.6,210.7,1019.7,40.8,9.1,,,,,2024-04-25T06:35:36,2024-04-25T17:26:56,0.54,Partially cloudy,,partly-cloudy-day,
australia,2024-04-26,66.3,41.1,53.7,0,0,39.5,42.2,69.3,0.071,0,0,,,,34.4,14.3,211.7,1019.5,28.8,9.3,,,,,2024-04-26T06:36:25,2024-04-26T17:25:48,0.57,Partially cloudy,,partly-cloudy-day,
australia,2024-04-27,63.8,40.4,51.9,0,0,37.1,41.1,69.9,0.063,0,0,,,,,13.4,197.3,1020.3,38.3,9,,,,,2024-04-27T06:37:13,2024-04-27T17:24:41,0.61,Partially cloudy,,partly-cloudy-day,
australia,2024-04-28,65.2,41.4,52.8,0,0,37.1,42,70.4,0.13,0,0,,,,,14.1,203.5,1020.2,34.3,9.3,,,,,2024-04-28T06:38:02,2024-04-28T17:23:35,0.64,Partially cloudy,,partly-cloudy-day,
australia,2024-04-29,64.5,41.3,52.6,0,0,38.2,43.6,74,0.071,0,0,,,,,13.4,194.4,1020.2,43.3,9.4,,,,,2024-04-29T06:38:51,2024-04-29T17:22:30,0.68,Partially cloudy,,partly-cloudy-day,
australia,2024-04-30,64.7,42.2,52.8,0,0,38,43.6,73.9,0.051,0,0,,,,,12.5,197.9,1020.1,39.1,9.2,,,,,2024-04-30T06:39:39,2024-04-30T17:21:26,0.72,Partially cloudy,,partly-cloudy-day,
australia,2024-05-01,64.1,40.7,52.2,0,0,38.4,43.4,74.9,0.075,0,0,,,,,13.9,206.3,1020.5,37.9,8.6,,,,,2024-05-01T06:40:28,2024-05-01T17:20:24,0.75,Partially cloudy,,partly-cloudy-day,
australia,2024-05-02,63.6,40.7,51.7,0,0,36.8,42.9,74.4,0.079,0,0,,,,,12.3,203.8,1021.1,37.7,8.9,,,,,2024-05-02T06:41:16,2024-05-02T17:19:22,0.79,Partially cloudy,,partly-cloudy-day,
australia,2024-05-03,64.7,40.2,52.6,0,0,36.4,42.5,72,0.11,0,0,,,,,13.9,224.1,1020.2,32.7,8.5,,,,,2024-05-03T06:42:05,2024-05-03T17:18:21,0.82,Partially cloudy,,partly-cloudy-day,
australia,2024-05-04,64.7,41.1,52.8,0,0,38.6,40.9,68.4,0.126,0,0,,,,,14.1,237.6,1020.7,28,8.6,,,,,2024-05-04T06:42:53,2024-05-04T17:17:22,0.86,Partially cloudy,,partly-cloudy-day,
australia,2024-05-05,64.1,38.2,51.2,0,0,35.1,40,69.1,0.067,0,0,,,,39.1,14.8,205.7,1022.2,24.8,9.1,,,,,2024-05-05T06:43:42,2024-05-05T17:16:24,0.89,Partially cloudy,,partly-cloudy-day,
australia,2024-05-06,63.4,37.1,49.7,0,0,36.4,39.6,71.4,0.055,0,0,,,,,12.8,204.7,1023,25,8.8,,,,,2024-05-06T06:44:30,2024-05-06T17:15:27,0.93,Partially cloudy,,partly-cloudy-day,
australia,2024-05-07,63.4,38,49.9,0,0,35.7,39.3,70.2,0.016,0,0,,,,,13.2,213.1,1022.7,29.5,8.6,,,,,2024-05-07T06:45:18,2024-05-07T17:14:31,0.96,Partially cloudy,,partly-cloudy-day,
australia,2024-05-08,62.9,38.2,49.9,0,0,36.9,40.2,72.7,0.043,0,0,,,,,12.1,219,1022.5,28.5,8.8,,,,,2024-05-08T06:46:06,2024-05-08T17:13:37,0,Partially cloudy,,partly-cloudy-day,
australia,2024-05-09,64.1,37.1,49.9,0,0,34.4,40.4,73.3,0.087,0,0,,,,,13.6,229.9,1021.4,28.5,8.7,,,,,2024-05-09T06:46:54,2024-05-09T17:12:43,0.03,Partially cloudy,,partly-cloudy-day,
australia,2024-05-10,62.9,38.6,50.4,0,0,36.9,40.2,71.3,0.063,0,0,,,,43.8,14.1,220.7,1020.1,28.7,9.6,,,,,2024-05-10T06:47:42,2024-05-10T17:11:52,0.06,Partially cloudy,,partly-cloudy-day,
australia,2024-05-11,62.1,37.7,49.2,0,0,35.3,38.6,70.1,0.047,0,0,,,,,13.2,226.1,1019.9,32.5,9.3,,,,,2024-05-11T06:48:29,2024-05-11T17:11:01,0.1,Partially cloudy,,partly-cloudy-day,
australia,2024-05-12,61.1,37.3,49.2,0,0,36,39.1,71.5,0.028,0,0,,,,32.2,13.4,218.4,1020.3,34.6,8.9,,,,,2024-05-12T06:49:16,2024-05-12T17:10:12,0.13,Partially cloudy,,partly-cloudy-day,
australia,2024-05-13,60.9,37.5,49.4,0,0,35,40.2,73.3,0.059,0,0,,,,35.8,15,222,1019.9,36.2,8.6,,,,,2024-05-13T06:50:03,2024-05-13T17:09:24,0.16,Partially cloudy,,partly-cloudy-day,
australia,2024-05-14,61.2,36.8,48.5,0,0,32.3,38.9,73.3,0.087,0,0,,,,,12.5,215.1,1020.7,29.6,8.6,,,,,2024-05-14T06:50:50,2024-05-14T17:08:38,0.19,Partially cloudy,,partly-cloudy-day,
australia,2024-05-15,61.4,36.6,48.5,0,0,31.5,39.3,73.5,0.055,0,0,,,,,12.8,213,1021,32.5,8.9,,,,,2024-05-15T06:51:37,2024-05-15T17:07:53,0.25,Partially cloudy,,partly-cloudy-day,
australia,2024-05-16,61.1,37.3,48.6,0,0,33,39.8,74.4,0.055,0,0,,,,,12.5,210.8,1021.4,32.2,9.2,,,,,2024-05-16T06:52:23,2024-05-16T17:07:09,0.26,Partially cloudy,,partly-cloudy-day,
australia,2024-05-17,61.2,36.2,47.9,0,0,33,39.1,73.8,0.024,0,0,,,,,15,212.4,1021.8,28.2,9.1,,,,,2024-05-17T06:53:09,2024-05-17T17:06:27,0.29,Partially cloudy,,partly-cloudy-day,
australia,2024-05-18,60.7,33.9,46.5,0,0,32.4,38.2,75.7,0.067,0,0,,,,,13.4,213.1,1021.8,31.5,8.8,,,,,2024-05-18T06:53:54,2024-05-18T17:05:47,0.32,Partially cloudy,,partly-cloudy-day,
australia,2024-05-19,60.9,37.5,48.3,0,0,33.5,39.8,75.1,0.106,0,0,,,,,14.5,225.3,1021,34.2,8.9,,,,,2024-05-19T06:54:39,2024-05-19T17:05:08,0.35,Partially cloudy,,partly-cloudy-day,
australia,2024-05-20,61.4,37.1,48.3,0,0,36.6,40.2,75.9,0.126,0,0,,,,,13.9,234,1020.7,34.4,8.8,,,,,2024-05-20T06:55:24,2024-05-20T17:04:30,0.39,Partially cloudy,,partly-cloudy-day,
australia,2024-05-21,61.6,37.8,49,0,0,37.7,40.4,75,0.059,0,0,,,,,12.8,226,1021.7,38.8,8.8,,,,,2024-05-21T06:56:08,2024-05-21T17:03:54,0.42,Partially cloudy,,partly-cloudy-day,
australia,2024-05-22,61.2,36,47.7,0,0,32.6,38.9,74.5,0.047,0,0,,,,,13.4,195.9,1022.3,32.3,8.6,,,,,2024-05-22T06:56:52,2024-05-22T17:03:20,0.45,Partially cloudy,,partly-cloudy-day,
australia,2024-05-23,60.3,37.8,48.3,0,0,34.6,40.5,76.9,0.181,0,0,,,,,13.9,201.8,1021.6,40.7,8.1,,,,,2024-05-23T06:57:35,2024-05-23T17:02:47,0.5,Partially cloudy,,partly-cloudy-day,
australia,2024-05-24,59.8,38.2,48.6,0,0,35.7,40.7,76.1,0.071,0,0,,,,,13.9,200.4,1020.5,47.4,8.8,,,,,2024-05-24T06:58:18,2024-05-24T17:02:16,0.52,Partially cloudy,,partly-cloudy-day,
australia,2024-05-25,59.4,37.8,48.1,0,0,34.2,40.7,77.6,0.087,0,0,,,,,13.9,208.2,1020.1,39.4,8.9,,,,,2024-05-25T06:59:00,2024-05-25T17:01:46,0.55,Partially cloudy,,partly-cloudy-day,
australia,2024-05-26,58.4,37.5,47.4,0,0,35,40.4,78.6,0.087,0,0,,,,,12.1,231.7,1020,43,8.9,,,,,2024-05-26T06:59:42,2024-05-26T17:01:18,0.59,Partially cloudy,,partly-cloudy-day,
australia,2024-05-27,58.2,36.4,46.7,0,0,33.9,38.6,76.1,0.087,0,0,,,,,14.1,220.7,1019.2,34.8,9.2,,,,,2024-05-27T07:00:22,2024-05-27T17:00:51,0.63,Partially cloudy,,partly-cloudy-day,
australia,2024-05-28,56.7,35.1,45.2,0,0,32.6,38,77.9,0.083,0,0,,,,36.9,13.4,222.6,1019.9,40.5,9.2,,,,,2024-05-28T07:01:03,2024-05-28T17:00:26,0.66,Partially cloudy,,partly-cloudy-day,
australia,2024-05-29,57.5,34.4,45.8,0,0,30.5,37.5,75.8,0.106,0,0,,,,42.5,14.5,224.8,1021.2,38.2,9,,,,,2024-05-29T07:01:42,2024-05-29T17:00:03,0.7,Partially cloudy,,partly-cloudy-day,
australia,2024-05-30,56.7,33.7,44.9,0,0,30.1,36.9,76.5,0.122,0,0,,,,,13.4,229.6,1022.9,32.7,8.9,,,,,2024-05-30T07:02:21,2024-05-30T16:59:41,0.73,Partially cloudy,,partly-cloudy-day,
australia,2024-05-31,57.8,33.9,45.8,0,0,32.4,37.7,75.7,0.075,0,0,,,,,14.3,201,1023.7,37.1,8.9,,,,,2024-05-31T07:02:59,2024-05-31T16:59:21,0.75,Partially cloudy,,partly-cloudy-day,
australia,2024-06-01,55.8,35.5,45.9,0,0,33.3,38.6,77.8,0.071,0,0,,,,,13,193,1024.8,47.1,8.9,,,,,2024-06-01T07:03:36,2024-06-01T16:59:03,0.8,Partially cloudy,,partly-cloudy-day,
australia,2024-06-02,56.6,37.1,46.3,0,0,35.7,39.3,78.7,0.134,0,0,,,,,13.4,188.1,1024.2,44.7,8.9,,,,,2024-06-02T07:04:12,2024-06-02T16:58:46,0.84,Partially cloudy,,partly-cloudy-day,
australia,2024-06-03,57.3,36.8,46.3,0,0,34.6,39.3,78.3,0.142,0,0,,,,,12.1,207.3,1023.2,44.1,9.7,,,,,2024-06-03T07:04:48,2024-06-03T16:58:31,0.88,Partially cloudy,,partly-cloudy-day,
australia,2024-06-04,56.6,35.7,45.6,0,0,33.9,38.9,79.8,0.154,0,0,,,,36.9,13,193.3,1022.3,45.1,8.5,,,,,2024-06-04T07:05:22,2024-06-04T16:58:17,0.91,Partially cloudy,,partly-cloudy-day,
australia,2024-06-05,56.4,35,45,0,0,32.4,38,78.8,0.209,0,0,,,,,12.3,211.5,1021.9,42.6,8.5,,,,,2024-06-05T07:05:56,2024-06-05T16:58:06,0.95,Partially cloudy,,partly-cloudy-day,
australia,2024-06-06,56.4,34.2,45.2,0,0,31.4,37.7,76.9,0.035,0,0,,,,,14.5,212.4,1023,43.7,9.1,,,,,2024-06-06T07:06:28,2024-06-06T16:57:55,0,Partially cloudy,,partly-cloudy-day,
australia,2024-06-07,56.4,34.6,45.2,0,0,32.3,38.2,78.5,0.079,0,0,,,,31.1,13.2,215.6,1023.3,38.6,8.7,,,,,2024-06-07T07:07:00,2024-06-07T16:57:47,0.02,Partially cloudy,,partly-cloudy-day,
australia,2024-06-08,56,36.2,45.8,0,0,33.3,38.4,77.4,0.102,0,0,,,,32.2,14.8,228.1,1023.3,38.6,9.2,,,,,2024-06-08T07:07:30,2024-06-08T16:57:40,0.05,Partially cloudy,,partly-cloudy-day,
australia,2024-06-09,55.7,38,46.5,0,0,35.1,40.2,80.2,0.063,0,0,,,,,13.9,231.2,1022,54.4,8.7,,,,,2024-06-09T07:07:59,2024-06-09T16:57:34,0.08,Partially cloudy,,partly-cloudy-day,
australia,2024-06-10,56.6,37.1,46.3,0,0,33.7,39.5,79.3,0.118,0,0,,,,,13.9,209.2,1022.9,42.9,9,,,,,2024-06-10T07:08:28,2024-06-10T16:57:30,0.11,Partially cloudy,,partly-cloudy-day,
australia,2024-06-11,55.5,34.2,44.7,0,0,32.1,37.7,78.6,0.13,0,0,,,,,12.8,201.7,1024,40.9,8.9,,,,,2024-06-11T07:08:55,2024-06-11T16:57:28,0.15,Partially cloudy,,partly-cloudy-day,
australia,2024-06-12,54.2,33.7,43.4,0,0,32.4,37.3,81.2,0.13,0,0,,,,,12.1,220,1023.7,42.6,8.6,,,,,2024-06-12T07:09:20,2024-06-12T16:57:28,0.18,Partially cloudy,,partly-cloudy-day,
australia,2024-06-13,54.6,35.3,44.7,0,0,32.1,38.2,79.9,0.157,0,0,,,,,14.5,239.3,1021.3,44.1,8.3,,,,,2024-06-13T07:09:45,2024-06-13T16:57:29,0.21,Partially cloudy,,partly-cloudy-day,
australia,2024-06-14,54.9,35.9,44.5,0,0,32.6,36.8,76.4,0.083,0,0,,,,,15,232.2,1020.7,40.4,9.2,,,,,2024-06-14T07:10:08,2024-06-14T16:57:31,0.25,Partially cloudy,,partly-cloudy-day,
australia,2024-06-15,53.5,34.6,43.6,0,0,31.5,36.6,78.1,0.098,0,0,,,,,14.5,225.8,1021.2,49,8.8,,,,,2024-06-15T07:10:30,2024-06-15T16:57:35,0.28,Partially cloudy,,partly-cloudy-day,
australia,2024-06-16,54.2,34.2,44.3,0,0,32.6,37.8,79.7,0.118,0,0,,,,,13.9,221.2,1021.1,45.2,9.4,,,,,2024-06-16T07:10:51,2024-06-16T16:57:41,0.31,Partially cloudy,,partly-cloudy-day,
australia,2024-06-17,54.6,35.7,44.9,0,0,33.3,38.4,80.1,0.213,0,0,,,,,13.6,216.7,1020.3,48.5,9,,,,,2024-06-17T07:11:11,2024-06-17T16:57:48,0.34,Partially cloudy,,partly-cloudy-day,
australia,2024-06-18,53.7,35.3,43.4,0,0,32.4,37.8,81.7,0.15,0,0,,,,,13.2,207.8,1021.4,43.8,8.1,,,,,2024-06-18T07:11:29,2024-06-18T16:57:57,0.37,Partially cloudy,,partly-cloudy-day,
australia,2024-06-19,54.2,34.6,44.1,0,0,33,37.8,80.5,0.213,0,0,,,,,13.4,218.5,1021,41.2,8.1,,,,,2024-06-19T07:11:45,2024-06-19T16:58:07,0.4,Partially cloudy,,partly-cloudy-day,
australia,2024-06-20,53.9,34.2,43.6,0,0,31.4,37.7,81.5,0.173,0,0,,,,,13.4,226,1020,44,8.4,,,,,2024-06-20T07:12:01,2024-06-20T16:58:18,0.44,Partially cloudy,,partly-cloudy-day,
australia,2024-06-21,54.2,35.9,44,0,0,31.5,37.7,80,0.177,0,0,,,,,14.8,241.1,1019.7,46.3,8.6,,,,,2024-06-21T07:12:14,2024-06-21T16:58:31,0.47,Partially cloudy,,partly-cloudy-day,
australia,2024-06-22,52.6,34.1,42.7,0,0,31.2,36.6,80.7,0.142,0,0,,,,,14.8,231,1022,40.7,8.6,,,,,2024-06-22T07:12:27,2024-06-22T16:58:46,0.5,Partially cloudy,,partly-cloudy-day,
australia,2024-06-23,53,33.5,43.1,0,0,30.8,37.3,81.9,0.094,0,0,,,,,15.4,217.6,1023.1,48.3,8.1,,,,,2024-06-23T07:12:37,2024-06-23T16:59:01,0.54,Partially cloudy,,partly-cloudy-day,
australia,2024-06-24,53.3,34.8,43.2,0,0,31.2,37.1,80.7,0.181,0,0,,,,,12.5,221.1,1023.4,44.6,8.6,,,,,2024-06-24T07:12:47,2024-06-24T16:59:18,0.57,Partially cloudy,,partly-cloudy-day,
australia,2024-06-25,54.8,32.6,43.1,0,0,29.4,36.2,78.4,0.079,0,0,,,,,14.1,222.3,1024,41.4,9.1,,,,,2024-06-25T07:12:54,2024-06-25T16:59:37,0.61,Partially cloudy,,partly-cloudy-day,
australia,2024-06-26,53.7,34.2,43.6,0,0,30.6,37.1,79.5,0.15,0,0,,,,,12.5,203.6,1024.4,42.1,9.1,,,,,2024-06-26T07:13:01,2024-06-26T16:59:56,0.65,Partially cloudy,,partly-cloudy-day,
australia,2024-06-27,53.7,33.5,43.1,0,0,33,37.3,81.7,0.031,0,0,,,,,11.9,194.7,1023.7,49.6,8.6,,,,,2024-06-27T07:13:05,2024-06-27T17:00:17,0.68,Partially cloudy,,partly-cloudy-day,
australia,2024-06-28,54.9,33.5,43.8,0,0,32.6,37.5,80.2,0.106,0,0,,,,,13.2,212.3,1021.9,38.9,9.3,,,,,2024-06-28T07:13:08,2024-06-28T17:00:40,0.72,Partially cloudy,,partly-cloudy-day,
australia,2024-06-29,53.7,35,43.6,0,0,31.7,37.3,79.9,0.075,0,0,,,,32.2,14.8,234.9,1020.9,43.1,8.6,,,,,2024-06-29T07:13:10,2024-06-29T17:01:03,0.75,Partially cloudy,,partly-cloudy-day,
australia,2024-06-30,53.3,34.1,43.8,0,0,31.5,36.2,76.8,0.201,0,0,,,,,15.7,243.6,1020,45,8.6,,,,,2024-06-30T07:13:09,2024-06-30T17:01:28,0.79,Partially cloudy,,partly-cloudy-day,
australia,2024-07-01,51.9,33.3,41.8,0,0,29.6,35.1,79,0.205,0,0,,,,,15.4,232.4,1020.9,40.7,8.7,,,,,2024-07-01T07:13:07,2024-07-01T17:01:53,0.82,Partially cloudy,,partly-cloudy-day,
australia,2024-07-02,52.4,32.6,41.6,0,0,29.6,34.6,78.4,0.087,0,0,,,,,13.6,226.8,1022,43.1,8.8,,,,,2024-07-02T07:13:04,2024-07-02T17:02:20,0.86,Partially cloudy,,partly-cloudy-day,
australia,2024-07-03,53.5,30.5,41.4,0,0,28.8,34.6,78.5,0.083,0,0,,,,,12.1,208.2,1022.9,36.5,8.9,,,,,2024-07-03T07:12:59,2024-07-03T17:02:48,0.9,Partially cloudy,,partly-cloudy-day,
australia,2024-07-04,54.1,33.2,42.9,0,0,30.6,36.2,79,0.071,0,0,,,,,15.4,225.1,1022.2,39.6,8.8,,,,,2024-07-04T07:12:52,2024-07-04T17:03:17,0.93,Partially cloudy,,partly-cloudy-day,
australia,2024-07-05,53.1,33.5,43.1,0,0,31.4,36.4,79.5,0.102,0,0,,,,,15.4,245.3,1020.4,46.8,8.5,,,,,2024-07-05T07:12:44,2024-07-05T17:03:47,0.97,Partially cloudy,,partly-cloudy-day,
australia,2024-07-06,52.2,34.8,43.1,0,0,31.2,36.4,79.6,0.157,0,0,,,,,15.4,239.8,1019.7,46.5,8.2,,,,,2024-07-06T07:12:33,2024-07-06T17:04:18,0,Partially cloudy,,partly-cloudy-day,
australia,2024-07-07,52.2,34.2,42.7,0,0,30.5,36,79,0.177,0,0,,,,,14.1,230.2,1020.9,44.6,8.7,,,,,2024-07-07T07:12:22,2024-07-07T17:04:50,0.04,Partially cloudy,,partly-cloudy-day,
australia,2024-07-08,52.8,32.1,41.6,0,0,29.2,35.5,80.9,0.161,0,0,,,,,13.6,210.6,1022.7,42.5,8.8,,,,,2024-07-08T07:12:08,2024-07-08T17:05:22,0.07,Partially cloudy,,partly-cloudy-day,
australia,2024-07-09,53.1,33.2,42.7,0,0,29.6,36.4,79.9,0.157,0,0,,,,,14.3,213.9,1022.7,44.5,9.1,,,,,2024-07-09T07:11:53,2024-07-09T17:05:56,0.1,Partially cloudy,,partly-cloudy-day,
australia,2024-07-10,53,35.3,44,0,0,31.9,37.5,79.6,0.075,0,0,,,,,15.2,226.6,1022.3,50.5,8.6,,,,,2024-07-10T07:11:36,2024-07-10T17:06:31,0.13,Partially cloudy,,partly-cloudy-day,
australia,2024-07-11,53.9,35.5,44.3,0,0,32.8,37.1,77.8,0.138,0,0,,,,35.8,14.8,245.2,1021.6,46,8.9,,,,,2024-07-11T07:11:18,2024-07-11T17:07:06,0.17,Partially cloudy,,partly-cloudy-day,
australia,2024-07-12,52.8,33.9,43.1,0,0,30.6,36.4,79.3,0.146,0,0,,,,38,14.5,232.2,1020,41.7,9.1,,,,,2024-07-12T07:10:57,2024-07-12T17:07:42,0.2,Partially cloudy,,partly-cloudy-day,
australia,2024-07-13,53.3,34.1,42.7,0,0,30.8,36,79,0.142,0,0,,,,38,15,228.6,1019.5,41.1,8.6,,,,,2024-07-13T07:10:36,2024-07-13T17:08:19,0.23,Partially cloudy,,partly-cloudy-day,
australia,2024-07-14,52.4,32.8,42,0,0,28.7,35.7,79.9,0.146,0,0,,,,28.9,15.4,235.5,1020.1,42.7,8.8,,,,,2024-07-14T07:10:12,2024-07-14T17:08:56,0.25,Partially cloudy,,partly-cloudy-day,
australia,2024-07-15,52.4,33.2,42.5,0,0,30.1,36,79.4,0.177,0,0,,,,31.1,13.9,223.4,1021.1,43.1,9.6,,,,,2024-07-15T07:09:47,2024-07-15T17:09:34,0.29,Partially cloudy,,partly-cloudy-day,
australia,2024-07-16,53,33,42.3,0,0,30.8,36.2,80.6,0.071,0,0,,,,,14.1,223.2,1021.7,44.1,9,,,,,2024-07-16T07:09:20,2024-07-16T17:10:13,0.33,Partially cloudy,,partly-cloudy-day,
australia,2024-07-17,53.3,33.9,43.1,0,0,31.7,35.5,77,0.169,0,0,,,,,16.6,235.6,1021,40.1,9.3,,,,,2024-07-17T07:08:52,2024-07-17T17:10:52,0.36,Partially cloudy,,partly-cloudy-day,
australia,2024-07-18,53.7,32.6,43.1,0,0,28.8,35.1,75.3,0.067,0,0,,,,35.8,17,242.4,1021.2,31.1,9.6,,,,,2024-07-18T07:08:21,2024-07-18T17:11:32,0.39,Partially cloudy,,partly-cloudy-day,
australia,2024-07-19,53.5,34.2,43.2,0,0,28.1,35.5,76,0.063,0,0,,,,,15.9,228.1,1022.1,32.5,9.8,,,,,2024-07-19T07:07:50,2024-07-19T17:12:12,0.42,Partially cloudy,,partly-cloudy-day,
australia,2024-07-20,53.9,32.4,42.5,0,0,27.8,34.6,76,0.091,0,0,,,,,13.9,223.1,1023,32.3,10.4,,,,,2024-07-20T07:07:16,2024-07-20T17:12:53,0.46,Partially cloudy,,partly-cloudy-day,
australia,2024-07-21,54.1,31.4,42.2,0,0,26.5,33.7,74.6,0.083,0,0,,,,,14.1,218.4,1024.2,29.9,9.9,,,,,2024-07-21T07:06:42,2024-07-21T17:13:35,0.5,Partially cloudy,,partly-cloudy-day,
australia,2024-07-22,54.6,31.4,42.7,0,0,29,35.1,77.1,0.181,0,0,,,,,15,218.7,1024,36.3,9.3,,,,,2024-07-22T07:06:05,2024-07-22T17:14:16,0.52,Partially cloudy,,partly-cloudy-day,
australia,2024-07-23,55.3,31.5,43.1,0,0,30.8,34.8,75.2,0.051,0,0,,,,36.9,13.6,220.6,1023.3,36.1,8.8,,,,,2024-07-23T07:05:27,2024-07-23T17:14:58,0.56,Partially cloudy,,partly-cloudy-day,
australia,2024-07-24,52.8,33,42.9,0,0,30.3,36.2,78.7,0.134,0,0,,,,32.2,15.7,242.2,1022.1,39.4,8.6,,,,,2024-07-24T07:04:47,2024-07-24T17:15:41,0.59,Partially cloudy,,partly-cloudy-day,
australia,2024-07-25,55.1,35.9,44.9,0,0,31.5,36.9,76.4,0.228,0,0,,,,31.1,15.7,238.9,1021.4,40.5,9.6,,,,,2024-07-25T07:04:06,2024-07-25T17:16:24,0.63,Partially cloudy,,partly-cloudy-day,
australia,2024-07-26,53.9,34.8,44,0,0,31.7,36.6,77.3,0.161,0,0,,,,33.3,14.8,236.8,1020.4,41.2,9.3,,,,,2024-07-26T07:03:24,2024-07-26T17:17:07,0.67,Partially cloudy,,partly-cloudy-day,
australia,2024-07-27,54.1,31.4,41.8,0,0,28.5,34.6,78.3,0.11,0,0,,,,,14.1,235.5,1021.7,33.6,9.3,,,,,2024-07-27T07:02:40,2024-07-27T17:17:51,0.7,Partially cloudy,,partly-cloudy-day,
australia,2024-07-28,55.3,29.9,42.2,0,0,28.5,34.1,75.2,0.028,0,0,,,,,15,229.2,1022.5,27.9,9.4,,,,,2024-07-28T07:01:54,2024-07-28T17:18:34,0.75,Partially cloudy,,partly-cloudy-day,
australia,2024-07-29,54.6,33.2,43.6,0,0,30.5,36.2,77.5,0.087,0,0,,,,,16.1,231.8,1021.7,40.4,9.3,,,,,2024-07-29T07:01:07,2024-07-29T17:19:18,0.77,Partially cloudy,,partly-cloudy-day,
australia,2024-07-30,54.9,34.4,44.3,0,0,32.3,35.7,74.3,0.02,0,0,,,,,14.3,238.9,1021.7,39.8,9.1,,,,,2024-07-30T07:00:18,2024-07-30T17:20:02,0.81,Partially cloudy,,partly-cloudy-day,
australia,2024-07-31,56,35,44.9,0,0,31.5,36,74,0.067,0,0,,,,,15.9,238.8,1021,38.9,9.2,,,,,2024-07-31T06:59:28,2024-07-31T17:20:47,0.84,Partially cloudy,,partly-cloudy-day,
australia,2024-08-01,55.7,32.6,44,0,0,31,35.5,74.5,0.063,0,0,,,,,15.7,246.2,1020.2,35.3,8.9,,,,,2024-08-01T06:58:37,2024-08-01T17:21:31,0.88,Partially cloudy,,partly-cloudy-day,
australia,2024-08-02,55.1,31.2,42.7,0,0,30.1,34.6,75.5,0.173,4.8,2,,,,30,14.3,226.9,1021,37.1,8.1,,,,,2024-08-02T06:57:45,2024-08-02T17:22:16,0.92,Partially cloudy,,partly-cloudy-day,
australia,2024-08-03,55.8,32.8,44,0,0,32.1,35,73.4,0.193,0,0,,,,,18.1,236.7,1020.1,36.6,8.5,,,,,2024-08-03T06:56:51,2024-08-03T17:23:01,0.95,Partially cloudy,,partly-cloudy-day,
australia,2024-08-04,54.2,33.3,43.4,0,0,31.7,34.4,73.3,0.177,0,0,,,,31.1,17.9,255.9,1020.4,38.6,9.4,,,,,2024-08-04T06:55:55,2024-08-04T17:23:46,0,Partially cloudy,,partly-cloudy-day,
australia,2024-08-05,54.8,33,43.8,0,0,31.4,34.8,73.2,0.11,0,0,,,,34.7,16.8,247.5,1020.7,35,9.6,,,,,2024-08-05T06:54:59,2024-08-05T17:24:31,0.02,Partially cloudy,,partly-cloudy-day,
australia,2024-08-06,54.2,34.6,44.3,0,0,29.9,35.3,72.6,0.11,0,0,,,,33.3,17,251.9,1020.2,37.5,9.6,,,,,2024-08-06T06:54:01,2024-08-06T17:25:16,0.05,Partially cloudy,,partly-cloudy-day,
australia,2024-08-07,54.8,32.1,42.9,0,0,27.2,34.4,75.2,0.087,0,0,,,,,16.6,219,1020.4,35.9,9,,,,,2024-08-07T06:53:02,2024-08-07T17:26:01,0.09,Partially cloudy,,partly-cloudy-day,
australia,2024-08-08,54.6,32.3,42.9,0,0,28.8,34.6,75.3,0.083,0,0,,,,33.3,16.8,243.1,1019.3,33.4,8.8,,,,,2024-08-08T06:52:01,2024-08-08T17:26:46,0.12,Partially cloudy,,partly-cloudy-day,
australia,2024-08-09,54.2,33.5,44,0,0,29.9,35.1,73.4,0.138,0,0,,,,45,18.1,265.6,1018.2,37,9.3,,,,,2024-08-09T06:51:00,2024-08-09T17:27:31,0.15,Partially cloudy,,partly-cloudy-day,
australia,2024-08-10,56,35,45.4,0,0,29.4,34.4,67.9,0.075,0,0,,,,30,20.1,246.3,1017.2,29.8,9.4,,,,,2024-08-10T06:49:57,2024-08-10T17:28:17,0.18,Partially cloudy,,partly-cloudy-day,
australia,2024-08-11,54.6,35.5,45.2,0,0,30.5,34.8,69.6,0.193,0,0,,,,32.2,17.2,242.3,1017.5,36.6,8.8,,,,,2024-08-11T06:48:53,2024-08-11T17:29:02,0.22,Partially cloudy,,partly-cloudy-day,
australia,2024-08-12,55.1,34.1,44.7,0,0,30.1,35.3,72.4,0.122,0,0,,,,,16.8,241.7,1018.7,36.4,9.1,,,,,2024-08-12T06:47:48,2024-08-12T17:29:47,0.25,Partially cloudy,,partly-cloudy-day,
australia,2024-08-13,56.2,35.5,45,0,0,29.9,35.9,72.5,0.063,0,0,,,,,16.6,233.1,1020.5,33.2,8.8,,,,,2024-08-13T06:46:42,2024-08-13T17:30:32,0.25,Partially cloudy,,partly-cloudy-day,
australia,2024-08-14,55.8,33,44.1,0,0,28.5,35.1,72.7,0.075,0,0,,,,,17.2,239.4,1020.8,31.6,9.1,,,,,2024-08-14T06:45:35,2024-08-14T17:31:17,0.31,Partially cloudy,,partly-cloudy-day,
australia,2024-08-15,57.3,34.2,45.4,0,0,29.9,35.3,70.9,0.039,0,0,,,,,16.3,230,1020.8,34,9.3,,,,,2024-08-15T06:44:26,2024-08-15T17:32:03,0.35,Partially cloudy,,partly-cloudy-day,
australia,2024-08-16,57.8,33.2,45.8,0,0,31.2,35.3,70.1,0.043,0,0,,,,36.9,15.9,222.4,1019.7,33,9.1,,,,,2024-08-16T06:43:17,2024-08-16T17:32:48,0.38,Partially cloudy,,partly-cloudy-day,
australia,2024-08-17,55.3,35.5,45.2,0,0,31.5,35.5,72,0.185,0,0,,,,46.1,17.4,233.9,1018.5,39.3,9.3,,,,,2024-08-17T06:42:07,2024-08-17T17:33:33,0.41,Partially cloudy,,partly-cloudy-day,
australia,2024-08-18,55.5,33.3,44.1,0,0,30.8,35.1,73,0.236,0,0,,,,39.1,17.2,234.6,1018.6,40.4,8.8,,,,,2024-08-18T06:40:56,2024-08-18T17:34:18,0.44,Partially cloudy,,partly-cloudy-day,
australia,2024-08-19,55.7,33.7,44.5,0,0,30.5,34.2,70.2,0.339,0,0,,,,,18.3,232.9,1019.9,38.6,9.3,,,,,2024-08-19T06:39:44,2024-08-19T17:35:03,0.48,Partially cloudy,,partly-cloudy-day,
australia,2024-08-20,55.7,34.6,44.7,0,0,29.4,33.5,67.7,0.071,0,0,,,,,16.3,234.6,1020.3,34.8,9.7,,,,,2024-08-20T06:38:31,2024-08-20T17:35:47,0.5,Partially cloudy,,partly-cloudy-day,
australia,2024-08-21,55.7,34.4,44.9,0,0,30.1,35,70.5,0.055,0,0,,,,,16.8,248.4,1019.7,37.7,9.3,,,,,2024-08-21T06:37:17,2024-08-21T17:36:32,0.55,Partially cloudy,,partly-cloudy-day,
australia,2024-08-22,57.1,34.1,46.1,0,0,31.4,35.9,70.6,0.157,0,0,,,,33.3,15.9,214.5,1019,41.9,9.2,,,,,2024-08-22T06:36:02,2024-08-22T17:37:17,0.58,Partially cloudy,,partly-cloudy-day,
australia,2024-08-23,56.6,35.7,46.5,0,0,31.4,37.3,73.2,0.138,0,0,,,,,14.3,202.6,1020.3,45,9.1,,,,,2024-08-23T06:34:47,2024-08-23T17:38:01,0.62,Partially cloudy,,partly-cloudy-day,
australia,2024-08-24,57.3,36.8,46.7,0,0,33.7,37.3,73,0.228,4.8,2,,,,,14.8,231.5,1019.6,41.6,8.8,,,,,2024-08-24T06:33:30,2024-08-24T17:38:46,0.65,Partially cloudy,,partly-cloudy-day,
australia,2024-08-25,57.5,35,46.1,0,0,32.3,35.7,70.2,0.244,0,0,,,,,16.6,231.5,1019.6,36.4,9,,,,,2024-08-25T06:32:13,2024-08-25T17:39:31,0.69,Partially cloudy,,partly-cloudy-day,
australia,2024-08-26,58.4,35.3,46.5,0,0,31.4,36.2,71.2,0.142,0,0,,,,,15.4,225.1,1020,37.9,9.1,,,,,2024-08-26T06:30:55,2024-08-26T17:40:15,0.75,Partially cloudy,,partly-cloudy-day,
australia,2024-08-27,58.6,35.5,46.3,0,0,30.8,36.4,71.8,0.071,0,0,,,,,15.2,222.2,1020.4,35,9,,,,,2024-08-27T06:29:37,2024-08-27T17:40:59,0.76,Partially cloudy,,partly-cloudy-day,
australia,2024-08-28,59.6,34.8,46.3,0,0,30.1,35.9,70.7,0.063,0,0,,,,,13.4,209.5,1021.8,28.4,9.1,,,,,2024-08-28T06:28:18,2024-08-28T17:41:44,0.79,Partially cloudy,,partly-cloudy-day,
australia,2024-08-29,59.4,34.8,47.4,0,0,31.5,37.7,72,0.087,0,0,,,,,16.1,210.7,1021.6,35.9,9.3,,,,,2024-08-29T06:26:58,2024-08-29T17:42:28,0.83,Partially cloudy,,partly-cloudy-day,
australia,2024-08-30,59.4,36.8,48.3,0,0,33.3,37.5,69.1,0.142,0,0,,,,,17.2,225.2,1020.3,39.8,8.8,,,,,2024-08-30T06:25:37,2024-08-30T17:43:12,0.86,Partially cloudy,,partly-cloudy-day,
australia,2024-08-31,59.3,36.8,47.9,0,0,33.5,38.6,72.2,0.126,0,0,,,,,18.1,246.6,1018.5,39.3,8.6,,,,,2024-08-31T06:24:16,2024-08-31T17:43:56,0.9,Partially cloudy,,partly-cloudy-day,
australia,2024-09-01,60.7,35.9,47.9,0,0,33,36.9,68.9,0.051,0,0,,,,,15.2,211.4,1019.3,31.1,9,,,,,2024-09-01T06:22:54,2024-09-01T17:44:40,0.93,Partially cloudy,,partly-cloudy-day,
australia,2024-09-02,60.5,35.3,47.9,0,0,32.8,37.7,71.2,0.15,4.8,2,,,,,14.3,208.7,1019.3,31.5,9.2,,,,,2024-09-02T06:21:32,2024-09-02T17:45:24,0.97,Partially cloudy,,partly-cloudy-day,
australia,2024-09-03,61.2,38.4,49.5,0,0,35.1,38.2,68.9,0.138,0,0,,,,42.5,16.8,224.1,1018.7,37.6,9.2,,,,,2024-09-03T06:20:09,2024-09-03T17:46:08,0,Partially cloudy,,partly-cloudy-day,
australia,2024-09-04,60.3,37.8,49.2,0,0,34.2,38.2,69.5,0.13,0,0,,,,38,19,231.7,1019.8,37.9,8.9,,,,,2024-09-04T06:18:46,2024-09-04T17:46:52,0.03,Partially cloudy,,partly-cloudy-day,
australia,2024-09-05,60,38.4,49,0,0,35.1,38.2,69.8,0.118,0,0,,,,39.1,17.4,214.1,1019.5,39.4,9.3,,,,,2024-09-05T06:17:23,2024-09-05T17:47:36,0.07,Partially cloudy,,partly-cloudy-day,
australia,2024-09-06,58.6,38.4,48.5,0,0,35.1,39.1,73,0.087,0,0,,,,,16.1,223.6,1018.7,44.4,9.1,,,,,2024-09-06T06:15:58,2024-09-06T17:48:20,0.1,Partially cloudy,,partly-cloudy-day,
australia,2024-09-07,58.7,38.2,48.5,0,0,35.5,39.3,72.9,0.185,0,0,,,,39.1,17.7,222.9,1017.5,45.9,8.6,,,,,2024-09-07T06:14:34,2024-09-07T17:49:04,0.13,Partially cloudy,,partly-cloudy-day,
australia,2024-09-08,58.6,39.6,49,0,0,34.8,38.9,71,0.15,0,0,,,,35.8,17.2,230.9,1017.7,38.9,8.9,,,,,2024-09-08T06:13:09,2024-09-08T17:49:48,0.17,Partially cloudy,,partly-cloudy-day,
australia,2024-09-09,59.4,38,49,0,0,34.2,38.6,70.2,0.079,0,0,,,,33.3,17.4,238,1017,39.2,8.7,,,,,2024-09-09T06:11:44,2024-09-09T17:50:32,0.2,Partially cloudy,,partly-cloudy-day,
australia,2024-09-10,60.3,38,49.4,0,0,33.3,38.4,68.2,0.201,0,0,,,,21.9,18.1,237.3,1017.2,31.9,8.9,,,,,2024-09-10T06:10:18,2024-09-10T17:51:16,0.23,Partially cloudy,,partly-cloudy-day,
australia,2024-09-11,61.1,36.8,48.8,0,0,34.1,37.5,68.3,0.087,0,0,,,,,18.1,231.2,1018.2,29.7,9.2,,,,,2024-09-11T06:08:52,2024-09-11T17:52:00,0.25,Partially cloudy,,partly-cloudy-day,
australia,2024-09-12,62.3,36.2,49.5,0,0,34.2,37.1,66.2,0.154,0,0,,,,,17.2,236,1018.7,21.7,9.1,,,,,2024-09-12T06:07:26,2024-09-12T17:52:44,0.3,Partially cloudy,,partly-cloudy-day,
australia,2024-09-13,63.9,36.8,50.6,0,0,32.4,37.1,65.1,0.067,0,0,,,,34.4,17.2,233.6,1018.6,24.2,9.1,,,,,2024-09-13T06:06:00,2024-09-13T17:53:28,0.33,Partially cloudy,,partly-cloudy-day,
australia,2024-09-14,63.2,37.3,50.1,0,0,34.2,38.4,68.3,0.13,0,0,,,,34.4,19.2,248.8,1017.3,33,8.6,,,,,2024-09-14T06:04:33,2024-09-14T17:54:12,0.37,Partially cloudy,,partly-cloudy-day,
australia,2024-09-15,63.4,38.4,51,0,0,35,37.7,64.9,0.122,0,0,,,,36.2,19.5,251.3,1016.8,32.3,9.4,,,,,2024-09-15T06:03:07,2024-09-15T17:54:56,0.4,Partially cloudy,,partly-cloudy-day,
australia,2024-09-16,62.3,39.1,51.2,0,0,35.1,38.7,66.2,0.138,0,0,,,,,18.8,247,1016.2,37.1,8.5,,,,,2024-09-16T06:01:40,2024-09-16T17:55:40,0.43,Partially cloudy,,partly-cloudy-day,
australia,2024-09-17,60.2,38.7,49.2,0,0,34.6,38.9,70.9,0.272,0,0,,,,31.1,17.2,232,1016.7,40.4,8.3,,,,,2024-09-17T06:00:13,2024-09-17T17:56:25,0.47,Partially cloudy,,partly-cloudy-day,
australia,2024-09-18,62.3,40,51.2,0,0,34.8,38.6,65.9,0.091,0,0,,,,,17.2,226.4,1017.2,34.2,8.9,,,,,2024-09-18T05:58:46,2024-09-18T17:57:09,0.5,Partially cloudy,,partly-cloudy-day,
australia,2024-09-19,63.9,39.8,52.2,0,0,36.4,39.8,66.6,0.11,0,0,,,,,19.9,239.5,1017.3,35.1,8.8,,,,,2024-09-19T05:57:18,2024-09-19T17:57:54,0.53,Partially cloudy,,partly-cloudy-day,
australia,2024-09-20,64.8,38.4,51.9,0,0,35.9,38.7,65.2,0.035,0,0,,,,,16.3,214.1,1018.7,28.8,9.4,,,,,2024-09-20T05:55:51,2024-09-20T17:58:38,0.57,Partially cloudy,,partly-cloudy-day,
australia,2024-09-21,66.3,39.3,52.8,0,0,37.1,40.7,68,0.087,0,0,,,,30,16.6,221,1019.3,26.4,8.8,,,,,2024-09-21T05:54:24,2024-09-21T17:59:23,0.6,Partially cloudy,,partly-cloudy-day,
australia,2024-09-22,67.7,39.1,53.9,0,0,36.9,40.5,65.6,0.083,0,0,,,,21.9,17.9,226.2,1018.1,25.6,8.3,,,,,2024-09-22T05:52:57,2024-09-22T18:00:08,0.64,Partially cloudy,,partly-cloudy-day,
australia,2024-09-23,67.4,40.4,54.6,0,0,82.3,40.2,63.1,0.126,4.8,2,,,,32.2,19,233.2,1017,24.6,9.1,,,,,2024-09-23T05:51:29,2024-09-23T18:00:53,0.67,Partially cloudy,,partly-cloudy-day,
australia,2024-09-24,65.2,40.5,53.3,0,0,36.9,40,64.2,0.028,0,0,,,,35.8,18.8,226.5,1017.5,28.4,8.8,,,,,2024-09-24T05:50:02,2024-09-24T18:01:38,0.7,Partially cloudy,,partly-cloudy-day,
australia,2024-09-25,63.4,42.5,53.3,0,0,37.3,39.8,64.1,0.047,0,0,,,,30,18.1,221.4,1018,33.7,9.1,,,,,2024-09-25T05:48:35,2024-09-25T18:02:24,0.75,Partially cloudy,,partly-cloudy-day,
australia,2024-09-26,63.2,40.5,52.1,0,0,37.8,40,67.1,0.126,0,0,,,,27.7,17.2,204.4,1018.5,36.5,8.7,,,,,2024-09-26T05:47:08,2024-09-26T18:03:09,0.77,Partially cloudy,,partly-cloudy-day,
australia,2024-09-27,65.9,40.2,53.1,0,0,35.1,40.2,65.2,0.11,0,0,,,,32.2,18.6,224.9,1017.3,32.4,8.7,,,,,2024-09-27T05:45:42,2024-09-27T18:03:55,0.81,Partially cloudy,,partly-cloudy-day,
australia,2024-09-28,65.7,42.7,54.4,0,0,37.1,41.1,64.6,0.114,0,0,,,0.79,34.4,19.5,242.6,1014.8,33.7,8.5,,,,,2024-09-28T05:44:15,2024-09-28T18:04:41,0.84,Partially cloudy,,partly-cloudy-day,
australia,2024-09-29,64.1,41.3,53.1,0,0,37.5,38.7,62.1,0.22,0,0,,,1.57,30,19.9,247.3,1014,29.1,9.1,,,,,2024-09-29T05:42:49,2024-09-29T18:05:28,0.87,Partially cloudy,,partly-cloudy-day,
australia,2024-09-30,63.6,38.4,51.9,0,0,34.8,37.8,62.7,0.075,0,0,,,0.83,45,18.8,229.4,1017.3,25.2,9.5,,,,,2024-09-30T05:41:23,2024-09-30T18:06:14,0.91,Partially cloudy,,partly-cloudy-day,
australia,2024-10-01,64.5,40.4,53,0,0,36.6,39.1,64.5,0.209,0,0,,,2.76,,18.1,230.3,1017.5,30.6,8.4,,,,,2024-10-01T05:39:57,2024-10-01T18:07:01,0.94,Partially cloudy,,partly-cloudy-day,
australia,2024-10-02,68.8,41.3,55.1,0,0,79.4,40.4,62.8,0.185,0,0,,,0.39,,17.2,223.5,1018.1,26.9,8.9,,,,,2024-10-02T05:38:31,2024-10-02T18:07:48,0.98,Partially cloudy,,partly-cloudy-day,
australia,2024-10-03,68.1,42.2,55.3,0,0,79.4,41.4,65.6,0.28,0,0,,,1.06,,18.1,212.7,1017.5,29.5,8.6,,,,,2024-10-03T05:37:06,2024-10-03T18:08:35,0,Partially cloudy,,partly-cloudy-day,
australia,2024-10-04,67.2,43.2,55.1,0,0,80,42.3,66.8,0.165,0,0,,,2.24,,15.9,198,1018.3,35.9,8.5,,,,,2024-10-04T05:35:41,2024-10-04T18:09:23,0.04,Partially cloudy,,partly-cloudy-day,
australia,2024-10-05,68.6,43.4,56.4,0,0,80.7,42.2,63.7,0.15,0,0,,,1.1,25.5,17.7,210.8,1017.8,34.5,8.7,,,,,2024-10-05T05:34:17,2024-10-05T18:10:11,0.08,Partially cloudy,,partly-cloudy-day,
australia,2024-10-06,69.9,43.6,57.1,0,0,82.5,41.6,62.2,0.102,0,0,,,2.2,38,17.7,216.8,1015.8,31.3,8.8,,,,,2024-10-06T06:32:53,2024-10-06T19:10:59,0.11,Partially cloudy,,partly-cloudy-day,
australia,2024-10-07,65.4,41.6,54.2,0,0,79.1,41.3,65.4,0.094,0,0,,,0.87,20.8,18.6,224.7,1015.3,33.5,8.8,,,,,2024-10-07T06:31:29,2024-10-07T19:11:48,0.14,Partially cloudy,,partly-cloudy-day,
australia,2024-10-08,64.8,43.1,53.9,0,0,39.3,40.9,64.7,0.059,0,0,,,1.93,,18.1,214.7,1015.8,40.5,9.3,,,,,2024-10-08T06:30:06,2024-10-08T19:12:36,0.18,Partially cloudy,,partly-cloudy-day,
australia,2024-10-09,65.2,40.5,53,0,0,36,40.9,67.2,0.059,0,0,,,1.42,,15.9,194.9,1018.5,35,9.3,,,,,2024-10-09T06:28:44,2024-10-09T19:13:26,0.21,Partially cloudy,,partly-cloudy-day,
australia,2024-10-10,66.5,41.3,54.2,0,0,79.1,40.2,63.6,0.039,0,0,,,1.3,,16.8,209.8,1018.6,37.3,9.2,,,,,2024-10-10T06:27:22,2024-10-10T19:14:15,0.25,Partially cloudy,,partly-cloudy-day,
australia,2024-10-11,66.1,43.1,54.8,0,0,39.8,41.4,64.8,0.142,0,0,,,,,18.1,218.8,1017.9,38.4,8.9,,,,,2024-10-11T06:26:00,2024-10-11T19:15:05,0.25,Partially cloudy,,partly-cloudy-day,
australia,2024-10-12,67.7,40.5,54.9,0,0,80.7,41.3,64.5,0.15,0,0,,,1.97,,18.6,215.6,1017,36.2,9,,,,,2024-10-12T06:24:40,2024-10-12T19:15:55,0.32,Partially cloudy,,partly-cloudy-day,
australia,2024-10-13,67.9,44.7,56.4,0,0,83.9,43.8,66.7,0.193,0,0,,,0.91,,18.8,214.4,1015.7,46.3,8.3,,,,,2024-10-13T06:23:20,2024-10-13T19:16:46,0.35,Partially cloudy,,partly-cloudy-day,
australia,2024-10-14,65.9,46.5,56.2,0,0,84.1,43.8,66.8,0.161,0,0,,,2.13,,17.4,207.7,1016,46.2,8.6,,,,,2024-10-14T06:22:00,2024-10-14T19:17:37,0.38,Partially cloudy,,partly-cloudy-day,
australia,2024-10-15,68.6,44.9,56.9,0,0,80.3,42.9,63.6,0.118,0,0,,,0.12,,19.7,228,1016.3,36.1,9,,,,,2024-10-15T06:20:41,2024-10-15T19:18:28,0.42,Partially cloudy,,partly-cloudy-day,
australia,2024-10-16,68.4,44.1,56.9,0,0,83.2,40.7,59.3,0.075,0,0,,,0.91,20.8,19.7,211.2,1016.7,31.1,8.9,,,,,2024-10-16T06:19:23,2024-10-16T19:19:20,0.45,Partially cloudy,,partly-cloudy-day,
australia,2024-10-17,67.7,45,56.6,0,0,78.7,41.4,60.7,0.055,0,0,,,1.02,,18.3,204.3,1018.4,33.3,8.9,,,,,2024-10-17T06:18:06,2024-10-17T19:20:12,0.5,Partially cloudy,,partly-cloudy-day,
australia,2024-10-18,69.3,43.2,56.6,0,0,81.1,42.2,63.6,0.079,0,0,,,1.18,,16.8,207.3,1020.3,32,8.7,,,,,2024-10-18T06:16:50,2024-10-18T19:21:04,0.52,Partially cloudy,,partly-cloudy-day,
australia,2024-10-19,71.1,44.5,58.2,0,0,79.8,42.2,60.4,0.15,4.8,2,,,1.54,42.5,18.6,226.7,1019.5,23.8,8.9,,,,,2024-10-19T06:15:34,2024-10-19T19:21:57,0.55,Partially cloudy,,partly-cloudy-day,
australia,2024-10-20,71.3,44.5,58.2,0,0,80.9,43.4,63.5,0.13,0,0,,,0.71,,16.3,207.3,1019.4,32.2,8.7,,,,,2024-10-20T06:14:19,2024-10-20T19:22:51,0.59,Partially cloudy,,partly-cloudy-day,
australia,2024-10-21,71.3,44.7,58,0,0,81.1,43.1,62.9,0.047,0,0,,,1.69,,16.3,207.6,1018.5,35.5,9,,,,,2024-10-21T06:13:06,2024-10-21T19:23:44,0.62,Partially cloudy,,partly-cloudy-day,
australia,2024-10-22,69.5,46.7,57.8,0,0,81.2,44,64.7,0.106,0,0,,,0.39,21.9,16.8,199.9,1017,40.1,9.1,,,,,2024-10-22T06:11:53,2024-10-22T19:24:38,0.65,Partially cloudy,,partly-cloudy-day,
australia,2024-10-23,70.4,45.2,58.2,0,0,80.5,43.1,62.8,0.063,0,0,,,1.18,,16.8,208.7,1016.4,34.1,8.6,,,,,2024-10-23T06:10:41,2024-10-23T19:25:33,0.68,Partially cloudy,,partly-cloudy-day,
australia,2024-10-24,69.9,45.4,57.8,0,0,82.1,44,65.1,0.268,0,0,,,1.18,,17.9,206.4,1015.9,37.5,8.5,,,,,2024-10-24T06:09:30,2024-10-24T19:26:28,0.75,Partially cloudy,,partly-cloudy-day,
australia,2024-10-25,71.7,46.5,58.6,0,0,83,44.5,64.5,0.169,0,0,,,0.94,56.4,19.2,216.3,1014,35.9,8.6,,,,,2024-10-25T06:08:20,2024-10-25T19:27:23,0.75,Partially cloudy,,partly-cloudy-day,
australia,2024-10-26,69.5,46.5,57.8,0,0,80.7,43.1,62.8,0.161,0,0,,,0.79,39.8,19.5,219.9,1013.5,35.5,9,,,,,2024-10-26T06:07:11,2024-10-26T19:28:18,0.78,Partially cloudy,,partly-cloudy-day,
australia,2024-10-27,69.5,45.2,57.5,0,0,80.7,41.6,59.9,0.039,0,0,,,1.57,,19,215.1,1014.8,31.6,9.1,,,,,2024-10-27T06:06:04,2024-10-27T19:29:14,0.82,Partially cloudy,,partly-cloudy-day,
australia,2024-10-28,69.5,44.1,56.9,0,0,80.3,41.6,61.2,0.016,0,0,,,1.42,24.2,15.4,187.7,1016.3,33.2,9.1,,,,,2024-10-28T06:04:57,2024-10-28T19:30:11,0.85,Partially cloudy,,partly-cloudy-day,
australia,2024-10-29,70.1,45.9,58.4,0,0,78.9,44.1,63.4,0.067,0,0,,,1.97,,17.7,193,1016.1,31.4,9.1,,,,,2024-10-29T06:03:52,2024-10-29T19:31:07,0.88,Partially cloudy,,partly-cloudy-day,
australia,2024-10-30,73.1,45.8,59.6,0,0,80.7,43.8,62.2,0.075,0,0,,,,,18.1,209.4,1015.6,35.9,8.5,,,,,2024-10-30T06:02:48,2024-10-30T19:32:05,0.92,Partially cloudy,,partly-cloudy-day,
australia,2024-10-31,73.3,46.3,60.7,0,0,82.5,42.3,58.5,0.138,0,0,,,,,18.1,222,1015,26.6,8.8,,,,,2024-10-31T06:01:45,2024-10-31T19:33:02,0.95,Partially cloudy,,partly-cloudy-day,
australia,2024-11-01,74.2,47.2,60.7,0,0,84.5,44.3,60.3,0.091,0,0,,,,,18.1,201.5,1014.6,34.6,8.7,,,,,2024-11-01T06:00:43,2024-11-01T19:34:00,0,Partially cloudy,,partly-cloudy-day,
australia,2024-11-02,73.3,49.9,61.1,0,0,85.6,46.1,62,0.232,0,0,,,,40.9,17,201.1,1013.9,41.3,8.1,,,,,2024-11-02T05:59:43,2024-11-02T19:34:58,0.02,Partially cloudy,,partly-cloudy-day,
australia,2024-11-03,71.3,49.2,59.8,0,0,83.9,46.3,65.6,0.248,0,0,,,,35.8,19.5,199.1,1014.3,41.1,8.6,,,,,2024-11-03T05:58:44,2024-11-03T19:35:56,0.05,Partially cloudy,,partly-cloudy-day,
australia,2024-11-04,70.8,46.7,58.7,0,0,81.1,42.7,60.5,0.161,0,0,,,,31.1,17,194.1,1016,35.7,9.1,,,,,2024-11-04T05:57:46,2024-11-04T19:36:55,0.09,Partially cloudy,,partly-cloudy-day,
australia,2024-11-05,71,47.7,59.3,0,0,81.1,44,61.5,0.154,0,0,,,,,18.1,188.1,1015.5,37,8.8,,,,,2024-11-05T05:56:50,2024-11-05T19:37:53,0.12,Partially cloudy,,partly-cloudy-day,
australia,2024-11-06,71.3,50.4,60.2,0,0,82.1,46.3,64.4,0.197,0,0,,,,43.8,18.8,205.3,1014.1,45.7,8.8,,,,,2024-11-06T05:55:55,2024-11-06T19:38:53,0.16,Partially cloudy,,partly-cloudy-day,
australia,2024-11-07,71,47.6,59.6,0,0,81.6,46.5,66.3,0.169,0,0,,,,38,16.6,190.7,1014.8,39.9,8.9,,,,,2024-11-07T05:55:02,2024-11-07T19:39:52,0.19,Partially cloudy,,partly-cloudy-day,
australia,2024-11-08,72.8,48.1,60,0,0,83,45.2,63.7,0.327,0,0,,,,40.3,17.2,186.6,1015.5,38.4,8.7,,,,,2024-11-08T05:54:10,2024-11-08T19:40:51,0.23,Partially cloudy,,partly-cloudy-day,
australia,2024-11-09,74,48.6,61.2,0,0,83,45.4,61.9,0.154,0,0,,,,,17,196.6,1016.2,31.7,8.8,,,,,2024-11-09T05:53:20,2024-11-09T19:41:51,0.25,Partially cloudy,,partly-cloudy-day,
australia,2024-11-10,74,48.1,61.1,0,0,82.8,45.2,61.2,0.138,0,0,,,,,18.3,188.2,1016.4,35.6,8.8,,,,,2024-11-10T05:52:31,2024-11-10T19:42:51,0.3,Partially cloudy,,partly-cloudy-day,
australia,2024-11-11,73.1,47,60.3,0,0,81.6,44.9,63.4,0.248,0,0,,,,,16.1,179.9,1017.2,30.4,8.8,,,,,2024-11-11T05:51:44,2024-11-11T19:43:51,0.33,Partially cloudy,,partly-cloudy-day,
australia,2024-11-12,76.4,49.5,62.7,0,0,82.3,46.7,62.3,0.232,0,0,,,,40.3,17.4,213.6,1014.9,32.7,8.6,,,,,2024-11-12T05:50:58,2024-11-12T19:44:51,0.37,Partially cloudy,,partly-cloudy-day,
australia,2024-11-13,73.3,49.7,61.6,0,0,82.1,45.6,60.8,0.118,4.8,2,,,,,18.3,211.6,1014.1,29.9,8.8,,,,,2024-11-13T05:50:14,2024-11-13T19:45:51,0.4,Partially cloudy,,partly-cloudy-day,
australia,2024-11-14,75.3,50.1,62.9,0,0,84.3,46.5,60.8,0.232,0,0,,,,,17.9,218.9,1014.1,36.4,8.3,,,,,2024-11-14T05:49:32,2024-11-14T19:46:51,0.44,Partially cloudy,,partly-cloudy-day,
australia,2024-11-15,74.9,50.8,62.3,0,0,82.7,46.1,60.9,0.106,0,0,,,,,19,214.4,1013.6,35.8,8.6,,,,,2024-11-15T05:48:51,2024-11-15T19:47:52,0.47,Partially cloudy,,partly-cloudy-day,
australia,2024-11-16,72.1,47.9,59.8,0,0,85.7,45.2,63.4,0.098,0,0,,,,19.7,17.2,182.5,1015.2,36.4,8.9,,,,,2024-11-16T05:48:12,2024-11-16T19:48:52,0.5,Partially cloudy,,partly-cloudy-day,
australia,2024-11-17,74.2,49.4,61.1,0,0,80.9,45.6,61.3,0.102,0,0,,,,,17,171.8,1016.7,33,8.8,,,,,2024-11-17T05:47:35,2024-11-17T19:49:52,0.54,Partially cloudy,,partly-cloudy-day,
australia,2024-11-18,77.1,48.6,63.2,0,0,83.4,46.3,59.4,0.047,0,0,,,,33.3,17,175.3,1015.1,31.8,9.4,,,,,2024-11-18T05:47:00,2024-11-18T19:50:52,0.57,Partially cloudy,,partly-cloudy-day,
australia,2024-11-19,80.1,50.6,65.7,0,0,85.6,46.7,57.2,0.079,0,0,,,,,17.7,183.7,1015,35.1,9.2,,,,,2024-11-19T05:46:26,2024-11-19T19:51:52,0.6,Partially cloudy,,partly-cloudy-day,
australia,2024-11-20,80.1,51.2,65.7,0,0,85.4,48.1,59,0.24,0,0,,,,35.8,17,175.8,1015,33.7,8.6,,,,,2024-11-20T05:45:54,2024-11-20T19:52:51,0.63,Partially cloudy,,partly-cloudy-day,
australia,2024-11-21,78.5,52.6,65.6,0,0,84.8,48.3,60.2,0.177,0,0,,,,,18.1,186,1013.8,28.9,9.3,,,,,2024-11-21T05:45:24,2024-11-21T19:53:51,0.67,Partially cloudy,,partly-cloudy-day,
australia,2024-11-22,75.3,53.5,64.1,0,0,83.7,47.9,61.8,0.24,0,0,,,,36.2,18.1,189.2,1012.4,41.8,8.5,,,,,2024-11-22T05:44:56,2024-11-22T19:54:50,0.7,Partially cloudy,,partly-cloudy-day,
australia,2024-11-23,73.3,50.3,61.8,0,0,87,46.8,63.4,0.15,0,0,,,,39.1,17.4,175,1013.1,40.2,8.5,,,,,2024-11-23T05:44:30,2024-11-23T19:55:49,0.75,Partially cloudy,,partly-cloudy-day,
australia,2024-11-24,75.3,49.5,62.1,0,0,81.9,47.6,62.9,0.035,0,0,,,,32.2,16.3,179.8,1015.1,37.9,8.5,,,,,2024-11-24T05:44:06,2024-11-24T19:56:47,0.77,Partially cloudy,,partly-cloudy-day,
australia,2024-11-25,78.7,51.3,65.2,0,0,85,46.8,58.4,0.22,0,0,,,,35.8,17,189.2,1014.4,30.9,8.3,,,,,2024-11-25T05:43:43,2024-11-25T19:57:45,0.8,Partially cloudy,,partly-cloudy-day,
australia,2024-11-26,78.5,52.2,64.8,0,0,83,48.5,60.2,0.13,0,0,,,,43.2,18.6,192.1,1013.2,33,8.6,,,,,2024-11-26T05:43:23,2024-11-26T19:58:43,0.83,Partially cloudy,,partly-cloudy-day,
australia,2024-11-27,76.4,50.8,63.1,0,0,83.4,48.3,63.2,0.268,0,0,,,,,16.6,182.6,1014.6,38.9,8.8,,,,,2024-11-27T05:43:04,2024-11-27T19:59:40,0.86,Partially cloudy,,partly-cloudy-day,
australia,2024-11-28,78.9,53.3,65.6,0,0,83,48.8,61.3,0.189,0,0,,,,17.2,17.9,180.5,1013.7,35.5,8.7,,,,,2024-11-28T05:42:47,2024-11-28T20:00:36,0.9,Partially cloudy,,partly-cloudy-day,
australia,2024-11-29,78.2,54.2,65.9,0,0,83.6,48.6,60.1,0.213,0,0,,,,,16.8,190.9,1012,40,8.6,,,,,2024-11-29T05:42:33,2024-11-29T20:01:32,0.93,Partially cloudy,,partly-cloudy-day,
australia,2024-11-30,77.3,52.6,64.8,0,0,83.7,49,62.7,0.264,0,0,,,,31.5,17.7,196.5,1011.7,39.9,8.8,,,,,2024-11-30T05:42:20,2024-11-30T20:02:28,0.96,Partially cloudy,,partly-cloudy-day,
australia,2024-12-01,78.3,52.4,65.4,0,0,84.1,47.4,59,0.169,0,0,,,,37.1,19.7,199.6,1011.4,31.7,9.5,,,,,2024-12-01T05:42:09,2024-12-01T20:03:22,0,Partially cloudy,,partly-cloudy-day,
