Date,ProjectID,TotalTask,StartedTask,OnGoingTask,DelayedTask,CompletedTask,WorkDay,TotalSpent,IsBadWeather,StartDate,EndDate,ActualStartDate,ActualEndDate,WeatherAssessment
2020-01-20,3,22,1,1,0,0,1,0.0,0,2020-01-20,2020-03-10,2020-01-20,2020-03-17,13.725490196078432
2020-01-20,4,36,3,3,0,0,3,0.0,0,2020-01-20,2020-03-18,2020-01-20,2020-03-23,11.864406779661017
2020-01-20,10,28,2,2,0,0,2,0.0,0,2020-01-20,2020-04-15,2020-01-20,2020-04-23,12.698412698412698
2020-01-21,3,22,1,1,0,0,2,0.0,0,2020-01-20,2020-03-10,2020-01-20,2020-03-17,13.725490196078432
2020-01-21,4,36,3,3,0,0,6,0.0,0,2020-01-20,2020-03-18,2020-01-20,2020-03-23,11.864406779661017
2020-01-21,10,28,2,2,0,0,4,0.0,0,2020-01-20,2020-04-15,2020-01-20,2020-04-23,12.698412698412698
2020-01-22,3,22,1,1,0,0,3,0.0,0,2020-01-20,2020-03-10,2020-01-20,2020-03-17,13.725490196078432
2020-01-22,4,36,3,3,0,0,8,0.0,0,2020-01-20,2020-03-18,2020-01-20,2020-03-23,11.864406779661017
2020-01-22,10,28,2,2,0,0,6,0.0,0,2020-01-20,2020-04-15,2020-01-20,2020-04-23,12.698412698412698
2020-01-23,3,22,2,2,0,0,5,0.0,1,2020-01-20,2020-03-10,2020-01-20,2020-03-17,13.725490196078432
2020-01-23,4,36,3,3,0,0,10,0.0,1,2020-01-20,2020-03-18,2020-01-20,2020-03-23,11.864406779661017
2020-01-23,10,28,2,2,0,0,8,0.0,1,2020-01-20,2020-04-15,2020-01-20,2020-04-23,12.698412698412698
2020-01-24,3,22,2,2,0,0,7,0.0,0,2020-01-20,2020-03-10,2020-01-20,2020-03-17,13.725490196078432
2020-01-24,4,36,3,3,0,0,13,0.0,0,2020-01-20,2020-03-18,2020-01-20,2020-03-23,11.864406779661017
2020-01-24,10,28,2,2,0,0,10,0.0,0,2020-01-20,2020-04-15,2020-01-20,2020-04-23,12.698412698412698
2020-01-25,3,22,2,2,0,0,9,0.0,0,2020-01-20,2020-03-10,2020-01-20,2020-03-17,13.725490196078432
2020-01-25,4,36,3,3,0,0,15,0.0,0,2020-01-20,2020-03-18,2020-01-20,2020-03-23,11.864406779661017
2020-01-25,10,28,2,2,0,0,10,0.0,0,2020-01-20,2020-04-15,2020-01-20,2020-04-23,12.698412698412698
2020-01-26,3,22,2,2,0,0,11,0.0,0,2020-01-20,2020-03-10,2020-01-20,2020-03-17,13.725490196078432
2020-01-26,4,36,3,3,0,0,18,0.0,0,2020-01-20,2020-03-18,2020-01-20,2020-03-23,11.864406779661017
2020-01-26,10,28,2,2,0,0,10,0.0,0,2020-01-20,2020-04-15,2020-01-20,2020-04-23,12.698412698412698
2020-01-27,1,47,2,2,0,0,2,0.0,0,2020-01-27,2020-05-25,2020-01-27,2020-05-26,10.465116279069768
2020-01-27,3,22,2,2,0,0,13,0.0,0,2020-01-20,2020-03-10,2020-01-20,2020-03-17,13.725490196078432
2020-01-27,4,36,3,3,0,0,21,0.0,0,2020-01-20,2020-03-18,2020-01-20,2020-03-23,11.864406779661017
2020-01-27,8,19,1,1,0,0,1,0.0,0,2020-01-27,2020-03-20,2020-01-27,2020-03-21,12.76595744680851
2020-01-27,9,30,2,2,0,0,1,0.0,0,2020-01-27,2020-04-27,2020-01-27,2020-05-05,10.606060606060606
2020-01-27,10,28,2,2,0,0,12,0.0,0,2020-01-20,2020-04-15,2020-01-20,2020-04-23,12.698412698412698
2020-01-28,1,47,3,3,0,0,5,0.0,0,2020-01-27,2020-05-25,2020-01-27,2020-05-26,10.465116279069768
2020-01-28,3,22,2,2,0,0,15,0.0,0,2020-01-20,2020-03-10,2020-01-20,2020-03-17,13.725490196078432
2020-01-28,4,36,3,3,0,0,24,0.0,0,2020-01-20,2020-03-18,2020-01-20,2020-03-23,11.864406779661017
2020-01-28,8,19,1,1,0,0,2,0.0,0,2020-01-27,2020-03-20,2020-01-27,2020-03-21,12.76595744680851
2020-01-28,9,30,2,2,0,0,3,0.0,0,2020-01-27,2020-04-27,2020-01-27,2020-05-05,10.606060606060606
2020-01-28,10,28,2,2,0,0,14,0.0,0,2020-01-20,2020-04-15,2020-01-20,2020-04-23,12.698412698412698
2020-01-29,1,47,3,3,0,0,8,0.0,0,2020-01-27,2020-05-25,2020-01-27,2020-05-26,10.465116279069768
2020-01-29,3,22,3,2,0,1,18,2418.0,0,2020-01-20,2020-03-10,2020-01-20,2020-03-17,13.725490196078432
2020-01-29,4,36,3,3,0,0,26,0.0,0,2020-01-20,2020-03-18,2020-01-20,2020-03-23,11.864406779661017
2020-01-29,8,19,1,1,0,0,3,0.0,0,2020-01-27,2020-03-20,2020-01-27,2020-03-21,12.76595744680851
2020-01-29,9,30,2,2,0,0,5,0.0,0,2020-01-27,2020-04-27,2020-01-27,2020-05-05,10.606060606060606
2020-01-29,10,28,3,1,0,2,17,3875.0,0,2020-01-20,2020-04-15,2020-01-20,2020-04-23,12.698412698412698
2020-01-30,1,47,3,3,0,0,10,0.0,1,2020-01-27,2020-05-25,2020-01-27,2020-05-26,10.465116279069768
2020-01-30,3,22,3,2,0,1,19,2418.0,1,2020-01-20,2020-03-10,2020-01-20,2020-03-17,13.725490196078432
2020-01-30,4,36,3,3,1,0,27,0.0,1,2020-01-20,2020-03-18,2020-01-20,2020-03-23,11.864406779661017
2020-01-30,8,19,2,2,0,0,5,0.0,1,2020-01-27,2020-03-20,2020-01-27,2020-03-21,12.76595744680851
2020-01-30,9,30,2,2,0,0,7,0.0,1,2020-01-27,2020-04-27,2020-01-27,2020-05-05,10.606060606060606
2020-01-30,10,28,4,2,0,2,18,3875.0,1,2020-01-20,2020-04-15,2020-01-20,2020-04-23,12.698412698412698
2020-01-31,1,47,3,3,0,0,12,0.0,1,2020-01-27,2020-05-25,2020-01-27,2020-05-26,10.465116279069768
2020-01-31,3,22,3,1,0,2,21,3316.0,1,2020-01-20,2020-03-10,2020-01-20,2020-03-17,13.725490196078432
2020-01-31,4,36,3,2,1,1,29,2402.0,1,2020-01-20,2020-03-18,2020-01-20,2020-03-23,11.864406779661017
2020-01-31,8,19,2,2,0,0,7,0.0,1,2020-01-27,2020-03-20,2020-01-27,2020-03-21,12.76595744680851
2020-01-31,9,30,2,2,0,0,9,0.0,1,2020-01-27,2020-04-27,2020-01-27,2020-05-05,10.606060606060606
2020-01-31,10,28,4,2,0,2,19,3875.0,1,2020-01-20,2020-04-15,2020-01-20,2020-04-23,12.698412698412698
2020-02-01,1,47,3,3,0,0,12,0.0,1,2020-01-27,2020-05-25,2020-01-27,2020-05-26,10.465116279069768
2020-02-01,3,22,4,2,0,2,22,3316.0,1,2020-01-20,2020-03-10,2020-01-20,2020-03-17,13.725490196078432
2020-02-01,4,36,5,3,1,2,33,3556.0,1,2020-01-20,2020-03-18,2020-01-20,2020-03-23,11.864406779661017
2020-02-01,8,19,2,2,0,0,9,0.0,1,2020-01-27,2020-03-20,2020-01-27,2020-03-21,12.76595744680851
2020-02-01,9,30,2,2,0,0,9,0.0,1,2020-01-27,2020-04-27,2020-01-27,2020-05-05,10.606060606060606
2020-02-01,10,28,4,2,0,2,19,3875.0,1,2020-01-20,2020-04-15,2020-01-20,2020-04-23,12.698412698412698
2020-02-02,1,47,3,3,0,0,12,0.0,0,2020-01-27,2020-05-25,2020-01-27,2020-05-26,10.465116279069768
2020-02-02,3,22,5,2,0,3,25,5046.0,0,2020-01-20,2020-03-10,2020-01-20,2020-03-17,13.725490196078432
2020-02-02,4,36,5,3,1,2,36,3556.0,0,2020-01-20,2020-03-18,2020-01-20,2020-03-23,11.864406779661017
2020-02-02,8,19,2,2,0,0,9,0.0,0,2020-01-27,2020-03-20,2020-01-27,2020-03-21,12.76595744680851
2020-02-02,9,30,2,2,0,0,9,0.0,0,2020-01-27,2020-04-27,2020-01-27,2020-05-05,10.606060606060606
2020-02-02,10,28,4,2,0,2,19,3875.0,0,2020-01-20,2020-04-15,2020-01-20,2020-04-23,12.698412698412698
2020-02-03,1,47,3,3,0,0,15,0.0,0,2020-01-27,2020-05-25,2020-01-27,2020-05-26,10.465116279069768
2020-02-03,3,22,6,2,0,4,28,5383.0,0,2020-01-20,2020-03-10,2020-01-20,2020-03-17,13.725490196078432
2020-02-03,4,36,6,3,2,3,40,5881.0,0,2020-01-20,2020-03-18,2020-01-20,2020-03-23,11.864406779661017
2020-02-03,8,19,2,2,0,0,11,0.0,0,2020-01-27,2020-03-20,2020-01-27,2020-03-21,12.76595744680851
2020-02-03,9,30,2,2,0,0,10,0.0,0,2020-01-27,2020-04-27,2020-01-27,2020-05-05,10.606060606060606
2020-02-03,10,28,4,2,1,2,20,3875.0,0,2020-01-20,2020-04-15,2020-01-20,2020-04-23,12.698412698412698
2020-02-04,1,47,3,2,0,1,17,2879.0,0,2020-01-27,2020-05-25,2020-01-27,2020-05-26,10.465116279069768
2020-02-04,3,22,6,2,0,4,29,5383.0,0,2020-01-20,2020-03-10,2020-01-20,2020-03-17,13.725490196078432
2020-02-04,4,36,7,3,1,4,44,6111.0,0,2020-01-20,2020-03-18,2020-01-20,2020-03-23,11.864406779661017
2020-02-04,8,19,2,2,0,0,12,0.0,0,2020-01-27,2020-03-20,2020-01-27,2020-03-21,12.76595744680851
2020-02-04,9,30,2,2,0,0,12,0.0,0,2020-01-27,2020-04-27,2020-01-27,2020-05-05,10.606060606060606
2020-02-04,10,28,5,2,0,3,23,4600.0,0,2020-01-20,2020-04-15,2020-01-20,2020-04-23,12.698412698412698
2020-02-05,1,47,4,3,0,1,19,2879.0,0,2020-01-27,2020-05-25,2020-01-27,2020-05-26,10.465116279069768
2020-02-05,3,22,6,1,0,5,31,5998.0,0,2020-01-20,2020-03-10,2020-01-20,2020-03-17,13.725490196078432
2020-02-05,4,36,8,3,1,5,47,6346.0,0,2020-01-20,2020-03-18,2020-01-20,2020-03-23,11.864406779661017
2020-02-05,8,19,2,1,0,1,14,2864.0,0,2020-01-27,2020-03-20,2020-01-27,2020-03-21,12.76595744680851
2020-02-05,9,30,2,2,0,0,14,0.0,0,2020-01-27,2020-04-27,2020-01-27,2020-05-05,10.606060606060606
2020-02-05,10,28,5,1,0,4,24,5521.0,0,2020-01-20,2020-04-15,2020-01-20,2020-04-23,12.698412698412698
2020-02-06,1,47,4,3,0,1,22,2879.0,0,2020-01-27,2020-05-25,2020-01-27,2020-05-26,10.465116279069768
2020-02-06,3,22,7,2,1,5,33,5998.0,0,2020-01-20,2020-03-10,2020-01-20,2020-03-17,13.725490196078432
2020-02-06,4,36,9,2,0,7,51,7482.0,0,2020-01-20,2020-03-18,2020-01-20,2020-03-23,11.864406779661017
2020-02-06,8,19,3,2,0,1,16,2864.0,0,2020-01-27,2020-03-20,2020-01-27,2020-03-21,12.76595744680851
2020-02-06,9,30,2,2,0,0,16,0.0,0,2020-01-27,2020-04-27,2020-01-27,2020-05-05,10.606060606060606
2020-02-06,10,28,6,2,1,4,26,5521.0,0,2020-01-20,2020-04-15,2020-01-20,2020-04-23,12.698412698412698
2020-02-07,1,47,4,3,0,1,25,2879.0,0,2020-01-27,2020-05-25,2020-01-27,2020-05-26,10.465116279069768
2020-02-07,3,22,8,2,0,6,36,6892.0,0,2020-01-20,2020-03-10,2020-01-20,2020-03-17,13.725490196078432
2020-02-07,4,36,10,2,0,8,53,7839.0,0,2020-01-20,2020-03-18,2020-01-20,2020-03-23,11.864406779661017
2020-02-07,8,19,3,1,0,2,18,3507.0,0,2020-01-27,2020-03-20,2020-01-27,2020-03-21,12.76595744680851
2020-02-07,9,30,3,2,0,1,19,1551.0,0,2020-01-27,2020-04-27,2020-01-27,2020-05-05,10.606060606060606
2020-02-07,10,28,7,2,1,5,29,6429.0,0,2020-01-20,2020-04-15,2020-01-20,2020-04-23,12.698412698412698
2020-02-08,1,47,4,3,0,1,25,2879.0,0,2020-01-27,2020-05-25,2020-01-27,2020-05-26,10.465116279069768
2020-02-08,3,22,8,1,0,7,38,7827.0,0,2020-01-20,2020-03-10,2020-01-20,2020-03-17,13.725490196078432
2020-02-08,4,36,11,3,1,8,55,7839.0,0,2020-01-20,2020-03-18,2020-01-20,2020-03-23,11.864406779661017
2020-02-08,8,19,4,2,0,2,20,3507.0,0,2020-01-27,2020-03-20,2020-01-27,2020-03-21,12.76595744680851
2020-02-08,9,30,3,2,0,1,19,1551.0,0,2020-01-27,2020-04-27,2020-01-27,2020-05-05,10.606060606060606
2020-02-08,10,28,7,2,1,5,29,6429.0,0,2020-01-20,2020-04-15,2020-01-20,2020-04-23,12.698412698412698
2020-02-09,1,47,4,3,0,1,25,2879.0,0,2020-01-27,2020-05-25,2020-01-27,2020-05-26,10.465116279069768
2020-02-09,3,22,8,1,1,7,38,7827.0,0,2020-01-20,2020-03-10,2020-01-20,2020-03-17,13.725490196078432
2020-02-09,4,36,12,3,1,9,58,8823.0,0,2020-01-20,2020-03-18,2020-01-20,2020-03-23,11.864406779661017
2020-02-09,8,19,4,2,0,2,20,3507.0,0,2020-01-27,2020-03-20,2020-01-27,2020-03-21,12.76595744680851
2020-02-09,9,30,3,2,0,1,19,1551.0,0,2020-01-27,2020-04-27,2020-01-27,2020-05-05,10.606060606060606
2020-02-09,10,28,7,2,1,5,29,6429.0,0,2020-01-20,2020-04-15,2020-01-20,2020-04-23,12.698412698412698
2020-02-10,1,47,4,3,0,1,28,2879.0,1,2020-01-27,2020-05-25,2020-01-27,2020-05-26,10.465116279069768
2020-02-10,3,22,9,2,1,7,40,7827.0,1,2020-01-20,2020-03-10,2020-01-20,2020-03-17,13.725490196078432
2020-02-10,4,36,13,3,0,10,61,9718.0,1,2020-01-20,2020-03-18,2020-01-20,2020-03-23,11.864406779661017
2020-02-10,5,34,2,2,0,0,2,0.0,1,2020-02-10,2020-04-12,2020-02-10,2020-04-18,9.523809523809524
2020-02-10,6,35,1,1,0,0,1,0.0,1,2020-02-10,2020-04-12,2020-02-10,2020-04-13,9.523809523809524
2020-02-10,7,41,2,2,0,0,2,0.0,1,2020-02-10,2020-05-13,2020-02-10,2020-05-18,9.876543209876543
2020-02-10,8,19,4,2,0,2,21,3507.0,1,2020-01-27,2020-03-20,2020-01-27,2020-03-21,12.76595744680851
2020-02-10,9,30,3,1,0,2,21,1962.0,1,2020-01-27,2020-04-27,2020-01-27,2020-05-05,10.606060606060606
2020-02-10,10,28,8,2,0,6,32,6799.0,1,2020-01-20,2020-04-15,2020-01-20,2020-04-23,12.698412698412698
2020-02-11,1,47,4,2,0,2,31,5120.0,0,2020-01-27,2020-05-25,2020-01-27,2020-05-26,10.465116279069768
2020-02-11,3,22,10,2,0,8,43,8614.0,0,2020-01-20,2020-03-10,2020-01-20,2020-03-17,13.725490196078432
2020-02-11,4,36,13,2,0,11,64,10056.0,0,2020-01-20,2020-03-18,2020-01-20,2020-03-23,11.864406779661017
2020-02-11,5,34,2,2,0,0,4,0.0,0,2020-02-10,2020-04-12,2020-02-10,2020-04-18,9.523809523809524
2020-02-11,6,35,1,1,0,0,2,0.0,0,2020-02-10,2020-04-12,2020-02-10,2020-04-13,9.523809523809524
2020-02-11,7,41,3,3,0,0,4,0.0,0,2020-02-10,2020-05-13,2020-02-10,2020-05-18,9.876543209876543
2020-02-11,8,19,4,2,0,2,22,3507.0,0,2020-01-27,2020-03-20,2020-01-27,2020-03-21,12.76595744680851
2020-02-11,9,30,3,1,0,2,22,1962.0,0,2020-01-27,2020-04-27,2020-01-27,2020-05-05,10.606060606060606
2020-02-11,10,28,8,2,0,6,34,6799.0,0,2020-01-20,2020-04-15,2020-01-20,2020-04-23,12.698412698412698
2020-02-12,1,47,6,3,0,3,34,5320.0,0,2020-01-27,2020-05-25,2020-01-27,2020-05-26,10.465116279069768
2020-02-12,3,22,10,2,0,8,45,8614.0,0,2020-01-20,2020-03-10,2020-01-20,2020-03-17,13.725490196078432
2020-02-12,4,36,14,3,1,11,65,10056.0,0,2020-01-20,2020-03-18,2020-01-20,2020-03-23,11.864406779661017
2020-02-12,5,34,3,3,0,0,7,0.0,0,2020-02-10,2020-04-12,2020-02-10,2020-04-18,9.523809523809524
2020-02-12,6,35,3,3,0,0,5,0.0,0,2020-02-10,2020-04-12,2020-02-10,2020-04-13,9.523809523809524
2020-02-12,7,41,3,3,0,0,7,0.0,0,2020-02-10,2020-05-13,2020-02-10,2020-05-18,9.876543209876543
2020-02-12,8,19,5,2,0,3,25,4094.0,0,2020-01-27,2020-03-20,2020-01-27,2020-03-21,12.76595744680851
2020-02-12,9,30,4,2,1,2,24,1962.0,0,2020-01-27,2020-04-27,2020-01-27,2020-05-05,10.606060606060606
2020-02-12,10,28,8,2,1,6,35,6799.0,0,2020-01-20,2020-04-15,2020-01-20,2020-04-23,12.698412698412698
2020-02-13,1,47,6,3,1,3,36,5320.0,0,2020-01-27,2020-05-25,2020-01-27,2020-05-26,10.465116279069768
2020-02-13,3,22,10,1,0,9,47,9307.0,0,2020-01-20,2020-03-10,2020-01-20,2020-03-17,13.725490196078432
2020-02-13,4,36,15,3,1,12,69,10686.0,0,2020-01-20,2020-03-18,2020-01-20,2020-03-23,11.864406779661017
2020-02-13,5,34,3,3,0,0,10,0.0,0,2020-02-10,2020-04-12,2020-02-10,2020-04-18,9.523809523809524
2020-02-13,6,35,3,3,0,0,7,0.0,0,2020-02-10,2020-04-12,2020-02-10,2020-04-13,9.523809523809524
2020-02-13,7,41,3,3,0,0,10,0.0,0,2020-02-10,2020-05-13,2020-02-10,2020-05-18,9.876543209876543
2020-02-13,8,19,5,1,1,4,26,6015.0,0,2020-01-27,2020-03-20,2020-01-27,2020-03-21,12.76595744680851
2020-02-13,9,30,5,2,0,3,27,4063.0,0,2020-01-27,2020-04-27,2020-01-27,2020-05-05,10.606060606060606
2020-02-13,10,28,9,2,1,7,38,7654.0,0,2020-01-20,2020-04-15,2020-01-20,2020-04-23,12.698412698412698
2020-02-14,1,47,6,3,2,3,38,5320.0,0,2020-01-27,2020-05-25,2020-01-27,2020-05-26,10.465116279069768
2020-02-14,3,22,11,2,1,9,48,9307.0,0,2020-01-20,2020-03-10,2020-01-20,2020-03-17,13.725490196078432
2020-02-14,4,36,16,3,1,13,72,11033.0,0,2020-01-20,2020-03-18,2020-01-20,2020-03-23,11.864406779661017
2020-02-14,5,34,3,3,0,0,12,0.0,0,2020-02-10,2020-04-12,2020-02-10,2020-04-18,9.523809523809524
2020-02-14,6,35,3,3,0,0,9,0.0,0,2020-02-10,2020-04-12,2020-02-10,2020-04-13,9.523809523809524
2020-02-14,7,41,3,3,0,0,12,0.0,0,2020-02-10,2020-05-13,2020-02-10,2020-05-18,9.876543209876543
2020-02-14,8,19,7,2,0,5,29,6924.0,0,2020-01-27,2020-03-20,2020-01-27,2020-03-21,12.76595744680851
2020-02-14,9,30,5,2,0,3,29,4063.0,0,2020-01-27,2020-04-27,2020-01-27,2020-05-05,10.606060606060606
2020-02-14,10,28,10,2,1,8,40,8481.0,0,2020-01-20,2020-04-15,2020-01-20,2020-04-23,12.698412698412698
2020-02-15,1,47,6,3,2,3,38,5320.0,0,2020-01-27,2020-05-25,2020-01-27,2020-05-26,10.465116279069768
2020-02-15,3,22,11,1,1,10,50,9731.0,0,2020-01-20,2020-03-10,2020-01-20,2020-03-17,13.725490196078432
2020-02-15,4,36,16,3,2,13,75,11033.0,0,2020-01-20,2020-03-18,2020-01-20,2020-03-23,11.864406779661017
2020-02-15,5,34,3,3,0,0,14,0.0,0,2020-02-10,2020-04-12,2020-02-10,2020-04-18,9.523809523809524
2020-02-15,6,35,3,3,0,0,12,0.0,0,2020-02-10,2020-04-12,2020-02-10,2020-04-13,9.523809523809524
2020-02-15,7,41,3,3,0,0,14,0.0,0,2020-02-10,2020-05-13,2020-02-10,2020-05-18,9.876543209876543
2020-02-15,8,19,8,2,0,6,31,7158.0,0,2020-01-27,2020-03-20,2020-01-27,2020-03-21,12.76595744680851
2020-02-15,9,30,5,2,0,3,29,4063.0,0,2020-01-27,2020-04-27,2020-01-27,2020-05-05,10.606060606060606
2020-02-15,10,28,10,2,1,8,40,8481.0,0,2020-01-20,2020-04-15,2020-01-20,2020-04-23,12.698412698412698
2020-02-16,1,47,6,3,2,3,38,5320.0,0,2020-01-27,2020-05-25,2020-01-27,2020-05-26,10.465116279069768
2020-02-16,3,22,12,1,1,11,52,10191.0,0,2020-01-20,2020-03-10,2020-01-20,2020-03-17,13.725490196078432
2020-02-16,4,36,17,3,1,14,77,11296.0,0,2020-01-20,2020-03-18,2020-01-20,2020-03-23,11.864406779661017
2020-02-16,5,34,3,3,0,0,17,0.0,0,2020-02-10,2020-04-12,2020-02-10,2020-04-18,9.523809523809524
2020-02-16,6,35,3,2,0,1,15,1699.0,0,2020-02-10,2020-04-12,2020-02-10,2020-04-13,9.523809523809524
2020-02-16,7,41,3,3,0,0,14,0.0,0,2020-02-10,2020-05-13,2020-02-10,2020-05-18,9.876543209876543
2020-02-16,8,19,8,2,0,6,31,7158.0,0,2020-01-27,2020-03-20,2020-01-27,2020-03-21,12.76595744680851
2020-02-16,9,30,5,2,0,3,29,4063.0,0,2020-01-27,2020-04-27,2020-01-27,2020-05-05,10.606060606060606
2020-02-16,10,28,10,2,1,8,40,8481.0,0,2020-01-20,2020-04-15,2020-01-20,2020-04-23,12.698412698412698
2020-02-17,1,47,7,3,2,4,40,7900.0,0,2020-01-27,2020-05-25,2020-01-27,2020-05-26,10.465116279069768
2020-02-17,3,22,14,2,0,12,55,11028.0,0,2020-01-20,2020-03-10,2020-01-20,2020-03-17,13.725490196078432
2020-02-17,4,36,18,3,1,15,81,12174.0,0,2020-01-20,2020-03-18,2020-01-20,2020-03-23,11.864406779661017
2020-02-17,5,34,3,2,0,1,20,2429.0,0,2020-02-10,2020-04-12,2020-02-10,2020-04-18,9.523809523809524
2020-02-17,6,35,3,2,0,1,17,1699.0,0,2020-02-10,2020-04-12,2020-02-10,2020-04-13,9.523809523809524
2020-02-17,7,41,3,3,0,0,15,0.0,0,2020-02-10,2020-05-13,2020-02-10,2020-05-18,9.876543209876543
2020-02-17,8,19,8,1,0,7,33,8053.0,0,2020-01-27,2020-03-20,2020-01-27,2020-03-21,12.76595744680851
2020-02-17,9,30,5,2,0,3,30,4063.0,0,2020-01-27,2020-04-27,2020-01-27,2020-05-05,10.606060606060606
2020-02-17,10,28,10,2,1,8,42,8481.0,0,2020-01-20,2020-04-15,2020-01-20,2020-04-23,12.698412698412698
2020-02-18,1,47,9,3,0,6,44,9035.0,0,2020-01-27,2020-05-25,2020-01-27,2020-05-26,10.465116279069768
2020-02-18,3,22,14,1,0,13,57,11445.0,0,2020-01-20,2020-03-10,2020-01-20,2020-03-17,13.725490196078432
2020-02-18,4,36,19,3,0,16,85,13119.0,0,2020-01-20,2020-03-18,2020-01-20,2020-03-23,11.864406779661017
2020-02-18,5,34,4,2,0,2,22,4012.0,0,2020-02-10,2020-04-12,2020-02-10,2020-04-18,9.523809523809524
2020-02-18,6,35,4,3,1,1,20,1699.0,0,2020-02-10,2020-04-12,2020-02-10,2020-04-13,9.523809523809524
2020-02-18,7,41,3,3,0,0,18,0.0,0,2020-02-10,2020-05-13,2020-02-10,2020-05-18,9.876543209876543
2020-02-18,8,19,8,1,1,7,34,8053.0,0,2020-01-27,2020-03-20,2020-01-27,2020-03-21,12.76595744680851
2020-02-18,9,30,6,1,0,5,33,5260.0,0,2020-01-27,2020-04-27,2020-01-27,2020-05-05,10.606060606060606
2020-02-18,10,28,11,2,0,9,45,8954.0,0,2020-01-20,2020-04-15,2020-01-20,2020-04-23,12.698412698412698
2020-02-19,1,47,9,3,1,6,46,9035.0,0,2020-01-27,2020-05-25,2020-01-27,2020-05-26,10.465116279069768
2020-02-19,3,22,15,2,0,13,58,11445.0,0,2020-01-20,2020-03-10,2020-01-20,2020-03-17,13.725490196078432
2020-02-19,4,36,19,3,1,16,88,13119.0,0,2020-01-20,2020-03-18,2020-01-20,2020-03-23,11.864406779661017
2020-02-19,5,34,4,2,0,2,24,4012.0,0,2020-02-10,2020-04-12,2020-02-10,2020-04-18,9.523809523809524
2020-02-19,6,35,5,3,0,2,24,4425.0,0,2020-02-10,2020-04-12,2020-02-10,2020-04-13,9.523809523809524
2020-02-19,7,41,3,2,0,1,21,2450.0,0,2020-02-10,2020-05-13,2020-02-10,2020-05-18,9.876543209876543
2020-02-19,8,19,10,2,0,8,37,9041.0,0,2020-01-27,2020-03-20,2020-01-27,2020-03-21,12.76595744680851
2020-02-19,9,30,7,2,0,5,35,5260.0,0,2020-01-27,2020-04-27,2020-01-27,2020-05-05,10.606060606060606
2020-02-19,10,28,11,2,1,9,46,8954.0,0,2020-01-20,2020-04-15,2020-01-20,2020-04-23,12.698412698412698
2020-02-20,1,47,10,3,0,7,50,9633.0,0,2020-01-27,2020-05-25,2020-01-27,2020-05-26,10.465116279069768
2020-02-20,3,22,15,1,0,14,59,11946.0,0,2020-01-20,2020-03-10,2020-01-20,2020-03-17,13.725490196078432
2020-02-20,4,36,20,3,1,17,91,13683.0,0,2020-01-20,2020-03-18,2020-01-20,2020-03-23,11.864406779661017
2020-02-20,5,34,6,3,0,3,28,4304.0,0,2020-02-10,2020-04-12,2020-02-10,2020-04-18,9.523809523809524
2020-02-20,6,35,5,3,0,2,26,4425.0,0,2020-02-10,2020-04-12,2020-02-10,2020-04-13,9.523809523809524
2020-02-20,7,41,4,3,0,1,24,2450.0,0,2020-02-10,2020-05-13,2020-02-10,2020-05-18,9.876543209876543
2020-02-20,8,19,10,1,0,9,39,9948.0,0,2020-01-27,2020-03-20,2020-01-27,2020-03-21,12.76595744680851
2020-02-20,9,30,8,1,0,7,38,6637.0,0,2020-01-27,2020-04-27,2020-01-27,2020-05-05,10.606060606060606
2020-02-20,10,28,12,2,1,10,48,9694.0,0,2020-01-20,2020-04-15,2020-01-20,2020-04-23,12.698412698412698
2020-02-21,1,47,10,3,2,7,53,9633.0,0,2020-01-27,2020-05-25,2020-01-27,2020-05-26,10.465116279069768
2020-02-21,3,22,16,2,1,14,60,11946.0,0,2020-01-20,2020-03-10,2020-01-20,2020-03-17,13.725490196078432
2020-02-21,4,36,20,3,2,17,94,13683.0,0,2020-01-20,2020-03-18,2020-01-20,2020-03-23,11.864406779661017
2020-02-21,5,34,6,3,1,3,30,4304.0,0,2020-02-10,2020-04-12,2020-02-10,2020-04-18,9.523809523809524
2020-02-21,6,35,5,3,0,2,28,4425.0,0,2020-02-10,2020-04-12,2020-02-10,2020-04-13,9.523809523809524
2020-02-21,7,41,4,3,0,1,27,2450.0,0,2020-02-10,2020-05-13,2020-02-10,2020-05-18,9.876543209876543
2020-02-21,8,19,11,2,0,9,41,9948.0,0,2020-01-27,2020-03-20,2020-01-27,2020-03-21,12.76595744680851
2020-02-21,9,30,9,2,0,7,39,6637.0,0,2020-01-27,2020-04-27,2020-01-27,2020-05-05,10.606060606060606
2020-02-21,10,28,13,2,0,11,51,10123.0,0,2020-01-20,2020-04-15,2020-01-20,2020-04-23,12.698412698412698
2020-02-22,1,47,10,3,2,7,53,9633.0,0,2020-01-27,2020-05-25,2020-01-27,2020-05-26,10.465116279069768
2020-02-22,3,22,17,2,0,15,62,12211.0,0,2020-01-20,2020-03-10,2020-01-20,2020-03-17,13.725490196078432
2020-02-22,4,36,23,3,0,20,99,15483.0,0,2020-01-20,2020-03-18,2020-01-20,2020-03-23,11.864406779661017
2020-02-22,5,34,8,3,1,5,34,5737.0,0,2020-02-10,2020-04-12,2020-02-10,2020-04-18,9.523809523809524
2020-02-22,6,35,5,1,0,4,31,5060.0,0,2020-02-10,2020-04-12,2020-02-10,2020-04-13,9.523809523809524
2020-02-22,7,41,5,3,1,2,30,3316.0,0,2020-02-10,2020-05-13,2020-02-10,2020-05-18,9.876543209876543
2020-02-22,8,19,11,2,0,9,42,9948.0,0,2020-01-27,2020-03-20,2020-01-27,2020-03-21,12.76595744680851
2020-02-22,9,30,9,2,0,7,39,6637.0,0,2020-01-27,2020-04-27,2020-01-27,2020-05-05,10.606060606060606
2020-02-22,10,28,13,2,0,11,51,10123.0,0,2020-01-20,2020-04-15,2020-01-20,2020-04-23,12.698412698412698
2020-02-23,1,47,10,3,2,7,53,9633.0,0,2020-01-27,2020-05-25,2020-01-27,2020-05-26,10.465116279069768
2020-02-23,3,22,17,2,0,15,62,12211.0,0,2020-01-20,2020-03-10,2020-01-20,2020-03-17,13.725490196078432
2020-02-23,4,36,23,3,0,20,102,15483.0,0,2020-01-20,2020-03-18,2020-01-20,2020-03-23,11.864406779661017
2020-02-23,5,34,9,3,0,6,38,6418.0,0,2020-02-10,2020-04-12,2020-02-10,2020-04-18,9.523809523809524
2020-02-23,6,35,7,2,0,5,33,7017.0,0,2020-02-10,2020-04-12,2020-02-10,2020-04-13,9.523809523809524
2020-02-23,7,41,5,3,1,2,30,3316.0,0,2020-02-10,2020-05-13,2020-02-10,2020-05-18,9.876543209876543
2020-02-23,8,19,11,2,0,9,42,9948.0,0,2020-01-27,2020-03-20,2020-01-27,2020-03-21,12.76595744680851
2020-02-23,9,30,9,2,0,7,39,6637.0,0,2020-01-27,2020-04-27,2020-01-27,2020-05-05,10.606060606060606
2020-02-23,10,28,13,2,0,11,51,10123.0,0,2020-01-20,2020-04-15,2020-01-20,2020-04-23,12.698412698412698
2020-02-24,1,47,11,3,1,8,57,10468.0,0,2020-01-27,2020-05-25,2020-01-27,2020-05-26,10.465116279069768
2020-02-24,3,22,17,2,0,15,63,12211.0,0,2020-01-20,2020-03-10,2020-01-20,2020-03-17,13.725490196078432
2020-02-24,4,36,23,3,0,20,105,15483.0,0,2020-01-20,2020-03-18,2020-01-20,2020-03-23,11.864406779661017
2020-02-24,5,34,9,3,0,6,41,6418.0,0,2020-02-10,2020-04-12,2020-02-10,2020-04-18,9.523809523809524
2020-02-24,6,35,8,3,0,5,35,7017.0,0,2020-02-10,2020-04-12,2020-02-10,2020-04-13,9.523809523809524
2020-02-24,7,41,6,3,1,3,34,6129.0,0,2020-02-10,2020-05-13,2020-02-10,2020-05-18,9.876543209876543
2020-02-24,8,19,11,1,0,10,44,10442.0,0,2020-01-27,2020-03-20,2020-01-27,2020-03-21,12.76595744680851
2020-02-24,9,30,9,2,0,7,40,6637.0,0,2020-01-27,2020-04-27,2020-01-27,2020-05-05,10.606060606060606
2020-02-24,10,28,13,2,0,11,53,10123.0,0,2020-01-20,2020-04-15,2020-01-20,2020-04-23,12.698412698412698
2020-02-25,1,47,13,3,1,10,62,11714.0,0,2020-01-27,2020-05-25,2020-01-27,2020-05-26,10.465116279069768
2020-02-25,3,22,17,2,2,15,65,12211.0,0,2020-01-20,2020-03-10,2020-01-20,2020-03-17,13.725490196078432
2020-02-25,4,36,23,3,1,20,106,15483.0,0,2020-01-20,2020-03-18,2020-01-20,2020-03-23,11.864406779661017
2020-02-25,5,34,9,1,0,8,44,7658.0,0,2020-02-10,2020-04-12,2020-02-10,2020-04-18,9.523809523809524
2020-02-25,6,35,8,2,1,6,38,7350.0,0,2020-02-10,2020-04-12,2020-02-10,2020-04-13,9.523809523809524
2020-02-25,7,41,6,3,1,3,37,6129.0,0,2020-02-10,2020-05-13,2020-02-10,2020-05-18,9.876543209876543
2020-02-25,8,19,11,1,0,10,45,10442.0,0,2020-01-27,2020-03-20,2020-01-27,2020-03-21,12.76595744680851
2020-02-25,9,30,9,2,0,7,42,6637.0,0,2020-01-27,2020-04-27,2020-01-27,2020-05-05,10.606060606060606
2020-02-25,10,28,13,2,0,11,55,10123.0,0,2020-01-20,2020-04-15,2020-01-20,2020-04-23,12.698412698412698
2020-02-26,1,47,14,3,0,11,65,12430.0,0,2020-01-27,2020-05-25,2020-01-27,2020-05-26,10.465116279069768
2020-02-26,3,22,17,2,2,15,67,12211.0,0,2020-01-20,2020-03-10,2020-01-20,2020-03-17,13.725490196078432
2020-02-26,4,36,24,3,0,21,109,16369.0,0,2020-01-20,2020-03-18,2020-01-20,2020-03-23,11.864406779661017
2020-02-26,5,34,10,2,0,8,45,7658.0,0,2020-02-10,2020-04-12,2020-02-10,2020-04-18,9.523809523809524
2020-02-26,6,35,9,2,1,7,41,8126.0,0,2020-02-10,2020-04-12,2020-02-10,2020-04-13,9.523809523809524
2020-02-26,7,41,7,2,1,5,41,7772.0,0,2020-02-10,2020-05-13,2020-02-10,2020-05-18,9.876543209876543
2020-02-26,8,19,12,2,1,10,46,10442.0,0,2020-01-27,2020-03-20,2020-01-27,2020-03-21,12.76595744680851
2020-02-26,9,30,10,2,1,8,44,7386.0,0,2020-01-27,2020-04-27,2020-01-27,2020-05-05,10.606060606060606
2020-02-26,10,28,13,2,1,11,57,10123.0,0,2020-01-20,2020-04-15,2020-01-20,2020-04-23,12.698412698412698
2020-02-27,1,47,14,3,0,11,67,12430.0,0,2020-01-27,2020-05-25,2020-01-27,2020-05-26,10.465116279069768
2020-02-27,3,22,18,2,1,16,69,12977.0,0,2020-01-20,2020-03-10,2020-01-20,2020-03-17,13.725490196078432
2020-02-27,4,36,26,3,1,23,114,17568.0,0,2020-01-20,2020-03-18,2020-01-20,2020-03-23,11.864406779661017
2020-02-27,5,34,11,3,1,8,47,7658.0,0,2020-02-10,2020-04-12,2020-02-10,2020-04-18,9.523809523809524
2020-02-27,6,35,11,3,0,8,45,8735.0,0,2020-02-10,2020-04-12,2020-02-10,2020-04-13,9.523809523809524
2020-02-27,7,41,8,3,1,5,43,7772.0,0,2020-02-10,2020-05-13,2020-02-10,2020-05-18,9.876543209876543
2020-02-27,8,19,12,2,1,10,47,10442.0,0,2020-01-27,2020-03-20,2020-01-27,2020-03-21,12.76595744680851
2020-02-27,9,30,10,2,1,8,45,7386.0,0,2020-01-27,2020-04-27,2020-01-27,2020-05-05,10.606060606060606
2020-02-27,10,28,15,2,0,13,61,11712.0,0,2020-01-20,2020-04-15,2020-01-20,2020-04-23,12.698412698412698
2020-02-28,1,47,14,3,1,11,70,12430.0,0,2020-01-27,2020-05-25,2020-01-27,2020-05-26,10.465116279069768
2020-02-28,3,22,18,2,1,16,69,12977.0,0,2020-01-20,2020-03-10,2020-01-20,2020-03-17,13.725490196078432
2020-02-28,4,36,26,3,1,23,116,17568.0,0,2020-01-20,2020-03-18,2020-01-20,2020-03-23,11.864406779661017
2020-02-28,5,34,12,2,0,10,50,8550.0,0,2020-02-10,2020-04-12,2020-02-10,2020-04-18,9.523809523809524
2020-02-28,6,35,13,3,0,10,50,10047.0,0,2020-02-10,2020-04-12,2020-02-10,2020-04-13,9.523809523809524
2020-02-28,7,41,9,2,0,7,46,8809.0,0,2020-02-10,2020-05-13,2020-02-10,2020-05-18,9.876543209876543
2020-02-28,8,19,12,2,1,10,48,10442.0,0,2020-01-27,2020-03-20,2020-01-27,2020-03-21,12.76595744680851
2020-02-28,9,30,10,1,1,9,47,8018.0,0,2020-01-27,2020-04-27,2020-01-27,2020-05-05,10.606060606060606
2020-02-28,10,28,15,1,0,14,63,12447.0,0,2020-01-20,2020-04-15,2020-01-20,2020-04-23,12.698412698412698
2020-02-29,1,47,14,3,1,11,70,12430.0,0,2020-01-27,2020-05-25,2020-01-27,2020-05-26,10.465116279069768
2020-02-29,3,22,18,2,1,16,70,12977.0,0,2020-01-20,2020-03-10,2020-01-20,2020-03-17,13.725490196078432
2020-02-29,4,36,27,3,0,24,119,18173.0,0,2020-01-20,2020-03-18,2020-01-20,2020-03-23,11.864406779661017
2020-02-29,5,34,12,2,0,10,51,8550.0,0,2020-02-10,2020-04-12,2020-02-10,2020-04-18,9.523809523809524
2020-02-29,6,35,13,3,1,10,53,10047.0,0,2020-02-10,2020-04-12,2020-02-10,2020-04-13,9.523809523809524
2020-02-29,7,41,10,2,0,8,49,9685.0,0,2020-02-10,2020-05-13,2020-02-10,2020-05-18,9.876543209876543
2020-02-29,8,19,14,2,0,12,51,11594.0,0,2020-01-27,2020-03-20,2020-01-27,2020-03-21,12.76595744680851
2020-02-29,9,30,10,1,1,9,47,8018.0,0,2020-01-27,2020-04-27,2020-01-27,2020-05-05,10.606060606060606
2020-02-29,10,28,15,1,0,14,63,12447.0,0,2020-01-20,2020-04-15,2020-01-20,2020-04-23,12.698412698412698
2020-03-01,1,47,14,3,1,11,70,12430.0,0,2020-01-27,2020-05-25,2020-01-27,2020-05-26,10.465116279069768
2020-03-01,3,22,19,2,2,17,72,13318.0,0,2020-01-20,2020-03-10,2020-01-20,2020-03-17,13.725490196078432
2020-03-01,4,36,28,3,0,25,122,19079.0,0,2020-01-20,2020-03-18,2020-01-20,2020-03-23,11.864406779661017
2020-03-01,5,34,13,3,0,10,54,8550.0,0,2020-02-10,2020-04-12,2020-02-10,2020-04-18,9.523809523809524
2020-03-01,6,35,14,2,0,12,56,11756.0,0,2020-02-10,2020-04-12,2020-02-10,2020-04-13,9.523809523809524
2020-03-01,7,41,10,2,0,8,49,9685.0,0,2020-02-10,2020-05-13,2020-02-10,2020-05-18,9.876543209876543
2020-03-01,8,19,14,2,0,12,51,11594.0,0,2020-01-27,2020-03-20,2020-01-27,2020-03-21,12.76595744680851
2020-03-01,9,30,10,1,1,9,47,8018.0,0,2020-01-27,2020-04-27,2020-01-27,2020-05-05,10.606060606060606
2020-03-01,10,28,15,1,0,14,63,12447.0,0,2020-01-20,2020-04-15,2020-01-20,2020-04-23,12.698412698412698
2020-03-02,1,47,15,3,1,12,73,12981.0,0,2020-01-27,2020-05-25,2020-01-27,2020-05-26,10.465116279069768
2020-03-02,3,22,19,2,2,17,74,13318.0,0,2020-01-20,2020-03-10,2020-01-20,2020-03-17,13.725490196078432
2020-03-02,4,36,28,3,0,25,123,19079.0,0,2020-01-20,2020-03-18,2020-01-20,2020-03-23,11.864406779661017
2020-03-02,5,34,13,3,0,10,55,8550.0,0,2020-02-10,2020-04-12,2020-02-10,2020-04-18,9.523809523809524
2020-03-02,6,35,14,2,0,12,57,11756.0,0,2020-02-10,2020-04-12,2020-02-10,2020-04-13,9.523809523809524
2020-03-02,7,41,11,3,0,8,52,9685.0,0,2020-02-10,2020-05-13,2020-02-10,2020-05-18,9.876543209876543
2020-03-02,8,19,14,2,0,12,53,11594.0,0,2020-01-27,2020-03-20,2020-01-27,2020-03-21,12.76595744680851
2020-03-02,9,30,12,2,0,10,49,8581.0,0,2020-01-27,2020-04-27,2020-01-27,2020-05-05,10.606060606060606
2020-03-02,10,28,16,2,0,14,64,12447.0,0,2020-01-20,2020-04-15,2020-01-20,2020-04-23,12.698412698412698
2020-03-03,1,47,17,3,1,14,78,13814.0,0,2020-01-27,2020-05-25,2020-01-27,2020-05-26,10.465116279069768
2020-03-03,3,22,20,1,0,19,77,14825.0,0,2020-01-20,2020-03-10,2020-01-20,2020-03-17,13.725490196078432
2020-03-03,4,36,28,2,1,26,124,20060.0,0,2020-01-20,2020-03-18,2020-01-20,2020-03-23,11.864406779661017
2020-03-03,5,34,13,3,2,10,57,8550.0,0,2020-02-10,2020-04-12,2020-02-10,2020-04-18,9.523809523809524
2020-03-03,6,35,15,2,1,13,59,12642.0,0,2020-02-10,2020-04-12,2020-02-10,2020-04-13,9.523809523809524
2020-03-03,7,41,11,3,1,8,55,9685.0,0,2020-02-10,2020-05-13,2020-02-10,2020-05-18,9.876543209876543
2020-03-03,8,19,14,2,1,12,54,11594.0,0,2020-01-27,2020-03-20,2020-01-27,2020-03-21,12.76595744680851
2020-03-03,9,30,12,2,2,10,51,8581.0,0,2020-01-27,2020-04-27,2020-01-27,2020-05-05,10.606060606060606
2020-03-03,10,28,16,1,1,15,65,13347.0,0,2020-01-20,2020-04-15,2020-01-20,2020-04-23,12.698412698412698
2020-03-04,1,47,17,3,1,14,80,13814.0,1,2020-01-27,2020-05-25,2020-01-27,2020-05-26,10.465116279069768
2020-03-04,3,22,20,1,0,19,78,14825.0,1,2020-01-20,2020-03-10,2020-01-20,2020-03-17,13.725490196078432
2020-03-04,4,36,29,2,0,27,127,21049.0,1,2020-01-20,2020-03-18,2020-01-20,2020-03-23,11.864406779661017
2020-03-04,5,34,14,2,1,12,60,10251.0,1,2020-02-10,2020-04-12,2020-02-10,2020-04-18,9.523809523809524
2020-03-04,6,35,16,2,0,14,62,12850.0,1,2020-02-10,2020-04-12,2020-02-10,2020-04-13,9.523809523809524
2020-03-04,7,41,11,3,1,8,56,9685.0,1,2020-02-10,2020-05-13,2020-02-10,2020-05-18,9.876543209876543
2020-03-04,8,19,14,2,1,12,55,11594.0,1,2020-01-27,2020-03-20,2020-01-27,2020-03-21,12.76595744680851
2020-03-04,9,30,12,2,2,10,52,8581.0,1,2020-01-27,2020-04-27,2020-01-27,2020-05-05,10.606060606060606
2020-03-04,10,28,17,2,1,15,66,13347.0,1,2020-01-20,2020-04-15,2020-01-20,2020-04-23,12.698412698412698
2020-03-05,1,47,17,2,0,15,83,14498.0,1,2020-01-27,2020-05-25,2020-01-27,2020-05-26,10.465116279069768
2020-03-05,3,22,20,1,1,19,79,14825.0,1,2020-01-20,2020-03-10,2020-01-20,2020-03-17,13.725490196078432
2020-03-05,4,36,29,1,1,28,128,21976.0,1,2020-01-20,2020-03-18,2020-01-20,2020-03-23,11.864406779661017
2020-03-05,5,34,14,2,1,12,62,10251.0,1,2020-02-10,2020-04-12,2020-02-10,2020-04-18,9.523809523809524
2020-03-05,6,35,16,2,0,14,64,12850.0,1,2020-02-10,2020-04-12,2020-02-10,2020-04-13,9.523809523809524
2020-03-05,7,41,13,3,1,10,60,10656.0,1,2020-02-10,2020-05-13,2020-02-10,2020-05-18,9.876543209876543
2020-03-05,8,19,14,2,1,12,57,11594.0,1,2020-01-27,2020-03-20,2020-01-27,2020-03-21,12.76595744680851
2020-03-05,9,30,13,2,1,11,55,8789.0,1,2020-01-27,2020-04-27,2020-01-27,2020-05-05,10.606060606060606
2020-03-05,10,28,17,1,1,16,68,14270.0,1,2020-01-20,2020-04-15,2020-01-20,2020-04-23,12.698412698412698
2020-03-06,1,47,17,1,0,16,84,14825.0,0,2020-01-27,2020-05-25,2020-01-27,2020-05-26,10.465116279069768
2020-03-06,3,22,21,1,0,20,81,15340.0,0,2020-01-20,2020-03-10,2020-01-20,2020-03-17,13.725490196078432
2020-03-06,4,36,30,2,1,28,130,21976.0,0,2020-01-20,2020-03-18,2020-01-20,2020-03-23,11.864406779661017
2020-03-06,5,34,15,2,0,13,65,10733.0,0,2020-02-10,2020-04-12,2020-02-10,2020-04-18,9.523809523809524
2020-03-06,6,35,16,2,0,14,65,12850.0,0,2020-02-10,2020-04-12,2020-02-10,2020-04-13,9.523809523809524
2020-03-06,7,41,15,3,1,12,65,11989.0,0,2020-02-10,2020-05-13,2020-02-10,2020-05-18,9.876543209876543
2020-03-06,8,19,15,1,0,14,60,12450.0,0,2020-01-27,2020-03-20,2020-01-27,2020-03-21,12.76595744680851
2020-03-06,9,30,13,2,2,11,56,8789.0,0,2020-01-27,2020-04-27,2020-01-27,2020-05-05,10.606060606060606
2020-03-06,10,28,18,2,1,16,69,14270.0,0,2020-01-20,2020-04-15,2020-01-20,2020-04-23,12.698412698412698
2020-03-07,1,47,17,1,0,16,84,14825.0,0,2020-01-27,2020-05-25,2020-01-27,2020-05-26,10.465116279069768
2020-03-07,3,22,21,1,1,20,81,15340.0,0,2020-01-20,2020-03-10,2020-01-20,2020-03-17,13.725490196078432
2020-03-07,4,36,30,2,1,28,132,21976.0,0,2020-01-20,2020-03-18,2020-01-20,2020-03-23,11.864406779661017
2020-03-07,5,34,15,2,1,13,67,10733.0,0,2020-02-10,2020-04-12,2020-02-10,2020-04-18,9.523809523809524
2020-03-07,6,35,16,1,1,15,66,13814.0,0,2020-02-10,2020-04-12,2020-02-10,2020-04-13,9.523809523809524
2020-03-07,7,41,16,3,0,13,68,12738.0,0,2020-02-10,2020-05-13,2020-02-10,2020-05-18,9.876543209876543
2020-03-07,8,19,16,2,0,14,62,12450.0,0,2020-01-27,2020-03-20,2020-01-27,2020-03-21,12.76595744680851
2020-03-07,9,30,13,2,2,11,56,8789.0,0,2020-01-27,2020-04-27,2020-01-27,2020-05-05,10.606060606060606
2020-03-07,10,28,18,2,1,16,69,14270.0,0,2020-01-20,2020-04-15,2020-01-20,2020-04-23,12.698412698412698
2020-03-08,1,47,17,1,0,16,84,14825.0,0,2020-01-27,2020-05-25,2020-01-27,2020-05-26,10.465116279069768
2020-03-08,3,22,21,1,1,20,81,15340.0,0,2020-01-20,2020-03-10,2020-01-20,2020-03-17,13.725490196078432
2020-03-08,4,36,30,2,1,28,132,21976.0,0,2020-01-20,2020-03-18,2020-01-20,2020-03-23,11.864406779661017
2020-03-08,5,34,16,2,0,14,70,11048.0,0,2020-02-10,2020-04-12,2020-02-10,2020-04-18,9.523809523809524
2020-03-08,6,35,18,2,0,16,68,14610.0,0,2020-02-10,2020-04-12,2020-02-10,2020-04-13,9.523809523809524
2020-03-08,7,41,16,3,0,13,68,12738.0,0,2020-02-10,2020-05-13,2020-02-10,2020-05-18,9.876543209876543
2020-03-08,8,19,16,2,0,14,62,12450.0,0,2020-01-27,2020-03-20,2020-01-27,2020-03-21,12.76595744680851
2020-03-08,9,30,13,2,2,11,56,8789.0,0,2020-01-27,2020-04-27,2020-01-27,2020-05-05,10.606060606060606
2020-03-08,10,28,18,2,1,16,69,14270.0,0,2020-01-20,2020-04-15,2020-01-20,2020-04-23,12.698412698412698
2020-03-09,1,47,18,2,0,16,84,14825.0,0,2020-01-27,2020-05-25,2020-01-27,2020-05-26,10.465116279069768
2020-03-09,2,18,1,1,0,0,1,0.0,0,2020-03-09,2020-04-11,2020-03-09,2020-04-14,8.823529411764707
2020-03-09,3,22,22,1,0,21,82,15969.0,0,2020-01-20,2020-03-10,2020-01-20,2020-03-17,13.725490196078432
2020-03-09,4,36,30,2,1,28,134,21976.0,0,2020-01-20,2020-03-18,2020-01-20,2020-03-23,11.864406779661017
2020-03-09,5,34,16,2,1,14,71,11048.0,0,2020-02-10,2020-04-12,2020-02-10,2020-04-18,9.523809523809524
2020-03-09,6,35,18,1,0,17,70,14813.0,0,2020-02-10,2020-04-12,2020-02-10,2020-04-13,9.523809523809524
2020-03-09,7,41,16,3,0,13,71,12738.0,0,2020-02-10,2020-05-13,2020-02-10,2020-05-18,9.876543209876543
2020-03-09,8,19,16,2,1,14,63,12450.0,0,2020-01-27,2020-03-20,2020-01-27,2020-03-21,12.76595744680851
2020-03-09,9,30,15,2,1,13,60,9953.0,0,2020-01-27,2020-04-27,2020-01-27,2020-05-05,10.606060606060606
2020-03-09,10,28,19,2,1,17,72,14767.0,0,2020-01-20,2020-04-15,2020-01-20,2020-04-23,12.698412698412698
2020-03-10,1,47,18,2,1,16,86,14825.0,0,2020-01-27,2020-05-25,2020-01-27,2020-05-26,10.465116279069768
2020-03-10,2,18,2,2,0,0,3,0.0,0,2020-03-09,2020-04-11,2020-03-09,2020-04-14,8.823529411764707
2020-03-10,3,22,22,1,0,21,83,15969.0,0,2020-01-20,2020-03-10,2020-01-20,2020-03-17,13.725490196078432
2020-03-10,4,36,32,2,1,30,138,22723.0,0,2020-01-20,2020-03-18,2020-01-20,2020-03-23,11.864406779661017
2020-03-10,5,34,17,2,0,15,73,11263.0,0,2020-02-10,2020-04-12,2020-02-10,2020-04-18,9.523809523809524
2020-03-10,6,35,19,2,0,17,72,14813.0,0,2020-02-10,2020-04-12,2020-02-10,2020-04-13,9.523809523809524
2020-03-10,7,41,16,3,0,13,73,12738.0,0,2020-02-10,2020-05-13,2020-02-10,2020-05-18,9.876543209876543
2020-03-10,8,19,16,2,1,14,65,12450.0,0,2020-01-27,2020-03-20,2020-01-27,2020-03-21,12.76595744680851
2020-03-10,9,30,15,2,2,13,61,9953.0,0,2020-01-27,2020-04-27,2020-01-27,2020-05-05,10.606060606060606
2020-03-10,10,28,19,2,1,17,74,14767.0,0,2020-01-20,2020-04-15,2020-01-20,2020-04-23,12.698412698412698
2020-03-11,1,47,19,2,1,17,88,15139.0,0,2020-01-27,2020-05-25,2020-01-27,2020-05-26,10.465116279069768
2020-03-11,2,18,2,2,0,0,4,0.0,0,2020-03-09,2020-04-11,2020-03-09,2020-04-14,8.823529411764707
2020-03-11,3,22,22,1,1,21,83,15969.0,0,2020-01-20,2020-03-10,2020-01-20,2020-03-17,13.725490196078432
2020-03-11,4,36,32,1,1,31,140,23669.0,0,2020-01-20,2020-03-18,2020-01-20,2020-03-23,11.864406779661017
2020-03-11,5,34,17,2,1,15,75,11263.0,0,2020-02-10,2020-04-12,2020-02-10,2020-04-18,9.523809523809524
2020-03-11,6,35,20,2,0,18,74,15345.0,0,2020-02-10,2020-04-12,2020-02-10,2020-04-13,9.523809523809524
2020-03-11,7,41,17,3,1,14,76,13483.0,0,2020-02-10,2020-05-13,2020-02-10,2020-05-18,9.876543209876543
2020-03-11,8,19,17,1,1,16,68,14395.0,0,2020-01-27,2020-03-20,2020-01-27,2020-03-21,12.76595744680851
2020-03-11,9,30,16,2,2,14,64,10749.0,0,2020-01-27,2020-04-27,2020-01-27,2020-05-05,10.606060606060606
2020-03-11,10,28,19,2,1,17,76,14767.0,0,2020-01-20,2020-04-15,2020-01-20,2020-04-23,12.698412698412698
2020-03-12,1,47,19,2,1,17,90,15139.0,0,2020-01-27,2020-05-25,2020-01-27,2020-05-26,10.465116279069768
2020-03-12,2,18,2,2,0,0,6,0.0,0,2020-03-09,2020-04-11,2020-03-09,2020-04-14,8.823529411764707
2020-03-12,3,22,22,1,1,21,84,15969.0,0,2020-01-20,2020-03-10,2020-01-20,2020-03-17,13.725490196078432
2020-03-12,4,36,33,2,1,31,142,23669.0,0,2020-01-20,2020-03-18,2020-01-20,2020-03-23,11.864406779661017
2020-03-12,5,34,18,2,0,16,78,11898.0,0,2020-02-10,2020-04-12,2020-02-10,2020-04-18,9.523809523809524
2020-03-12,6,35,21,2,0,19,77,15546.0,0,2020-02-10,2020-04-12,2020-02-10,2020-04-13,9.523809523809524
2020-03-12,7,41,17,2,1,15,79,14001.0,0,2020-02-10,2020-05-13,2020-02-10,2020-05-18,9.876543209876543
2020-03-12,8,19,18,2,1,16,70,14395.0,0,2020-01-27,2020-03-20,2020-01-27,2020-03-21,12.76595744680851
2020-03-12,9,30,17,2,1,15,67,11303.0,0,2020-01-27,2020-04-27,2020-01-27,2020-05-05,10.606060606060606
2020-03-12,10,28,20,1,1,19,79,16167.0,0,2020-01-20,2020-04-15,2020-01-20,2020-04-23,12.698412698412698
2020-03-13,1,47,20,2,1,18,91,15356.0,0,2020-01-27,2020-05-25,2020-01-27,2020-05-26,10.465116279069768
2020-03-13,2,18,2,2,0,0,8,0.0,0,2020-03-09,2020-04-11,2020-03-09,2020-04-14,8.823529411764707
2020-03-13,3,22,22,1,1,21,85,15969.0,0,2020-01-20,2020-03-10,2020-01-20,2020-03-17,13.725490196078432
2020-03-13,4,36,33,1,1,32,144,23878.0,0,2020-01-20,2020-03-18,2020-01-20,2020-03-23,11.864406779661017
2020-03-13,5,34,18,2,0,16,80,11898.0,0,2020-02-10,2020-04-12,2020-02-10,2020-04-18,9.523809523809524
2020-03-13,6,35,21,1,0,20,79,16065.0,0,2020-02-10,2020-04-12,2020-02-10,2020-04-13,9.523809523809524
2020-03-13,7,41,19,3,0,16,83,14846.0,0,2020-02-10,2020-05-13,2020-02-10,2020-05-18,9.876543209876543
2020-03-13,8,19,18,1,0,17,71,14676.0,0,2020-01-27,2020-03-20,2020-01-27,2020-03-21,12.76595744680851
2020-03-13,9,30,17,2,1,15,69,11303.0,0,2020-01-27,2020-04-27,2020-01-27,2020-05-05,10.606060606060606
2020-03-13,10,28,20,1,1,19,79,16167.0,0,2020-01-20,2020-04-15,2020-01-20,2020-04-23,12.698412698412698
2020-03-14,1,47,20,2,1,18,91,15356.0,0,2020-01-27,2020-05-25,2020-01-27,2020-05-26,10.465116279069768
2020-03-14,2,18,2,1,0,1,9,1069.0,0,2020-03-09,2020-04-11,2020-03-09,2020-04-14,8.823529411764707
2020-03-14,3,22,22,1,1,21,85,15969.0,0,2020-01-20,2020-03-10,2020-01-20,2020-03-17,13.725490196078432
2020-03-14,4,36,35,2,0,33,147,24657.0,0,2020-01-20,2020-03-18,2020-01-20,2020-03-23,11.864406779661017
2020-03-14,5,34,19,2,1,17,83,12809.0,0,2020-02-10,2020-04-12,2020-02-10,2020-04-18,9.523809523809524
2020-03-14,6,35,22,2,0,20,80,16065.0,0,2020-02-10,2020-04-12,2020-02-10,2020-04-13,9.523809523809524
2020-03-14,7,41,19,3,0,16,85,14846.0,0,2020-02-10,2020-05-13,2020-02-10,2020-05-18,9.876543209876543
2020-03-14,8,19,18,1,0,17,72,14676.0,0,2020-01-27,2020-03-20,2020-01-27,2020-03-21,12.76595744680851
2020-03-14,9,30,17,2,1,15,69,11303.0,0,2020-01-27,2020-04-27,2020-01-27,2020-05-05,10.606060606060606
2020-03-14,10,28,20,1,1,19,79,16167.0,0,2020-01-20,2020-04-15,2020-01-20,2020-04-23,12.698412698412698
2020-03-15,1,47,20,2,1,18,91,15356.0,0,2020-01-27,2020-05-25,2020-01-27,2020-05-26,10.465116279069768
2020-03-15,2,18,3,2,0,1,11,1069.0,0,2020-03-09,2020-04-11,2020-03-09,2020-04-14,8.823529411764707
2020-03-15,3,22,22,1,1,21,85,15969.0,0,2020-01-20,2020-03-10,2020-01-20,2020-03-17,13.725490196078432
2020-03-15,4,36,35,2,1,33,148,24657.0,0,2020-01-20,2020-03-18,2020-01-20,2020-03-23,11.864406779661017
2020-03-15,5,34,21,2,0,19,87,14426.0,0,2020-02-10,2020-04-12,2020-02-10,2020-04-18,9.523809523809524
2020-03-15,6,35,22,2,0,20,80,16065.0,0,2020-02-10,2020-04-12,2020-02-10,2020-04-13,9.523809523809524
2020-03-15,7,41,19,3,0,16,85,14846.0,0,2020-02-10,2020-05-13,2020-02-10,2020-05-18,9.876543209876543
2020-03-15,8,19,18,1,0,17,72,14676.0,0,2020-01-27,2020-03-20,2020-01-27,2020-03-21,12.76595744680851
2020-03-15,9,30,17,2,1,15,69,11303.0,0,2020-01-27,2020-04-27,2020-01-27,2020-05-05,10.606060606060606
2020-03-15,10,28,20,1,1,19,79,16167.0,0,2020-01-20,2020-04-15,2020-01-20,2020-04-23,12.698412698412698
2020-03-16,1,47,21,2,0,19,94,16305.0,0,2020-01-27,2020-05-25,2020-01-27,2020-05-26,10.465116279069768
2020-03-16,2,18,3,2,0,1,13,1069.0,0,2020-03-09,2020-04-11,2020-03-09,2020-04-14,8.823529411764707
2020-03-16,3,22,22,1,1,21,86,15969.0,0,2020-01-20,2020-03-10,2020-01-20,2020-03-17,13.725490196078432
2020-03-16,4,36,35,2,1,33,149,24657.0,0,2020-01-20,2020-03-18,2020-01-20,2020-03-23,11.864406779661017
2020-03-16,5,34,21,2,0,19,88,14426.0,0,2020-02-10,2020-04-12,2020-02-10,2020-04-18,9.523809523809524
2020-03-16,6,35,23,2,0,21,82,16969.0,0,2020-02-10,2020-04-12,2020-02-10,2020-04-13,9.523809523809524
2020-03-16,7,41,19,3,1,16,87,14846.0,0,2020-02-10,2020-05-13,2020-02-10,2020-05-18,9.876543209876543
2020-03-16,8,19,18,1,1,17,72,14676.0,0,2020-01-27,2020-03-20,2020-01-27,2020-03-21,12.76595744680851
2020-03-16,9,30,17,2,2,15,69,11303.0,0,2020-01-27,2020-04-27,2020-01-27,2020-05-05,10.606060606060606
2020-03-16,10,28,21,2,1,19,80,16167.0,0,2020-01-20,2020-04-15,2020-01-20,2020-04-23,12.698412698412698
2020-03-17,1,47,21,2,1,19,94,16305.0,0,2020-01-27,2020-05-25,2020-01-27,2020-05-26,10.465116279069768
2020-03-17,2,18,3,2,1,1,15,1069.0,0,2020-03-09,2020-04-11,2020-03-09,2020-04-14,8.823529411764707
2020-03-17,4,36,35,2,1,33,151,24657.0,0,2020-01-20,2020-03-18,2020-01-20,2020-03-23,11.864406779661017
2020-03-17,5,34,22,2,0,20,90,14678.0,0,2020-02-10,2020-04-12,2020-02-10,2020-04-18,9.523809523809524
2020-03-17,6,35,23,2,0,21,82,16969.0,0,2020-02-10,2020-04-12,2020-02-10,2020-04-13,9.523809523809524
2020-03-17,7,41,19,3,2,16,88,14846.0,0,2020-02-10,2020-05-13,2020-02-10,2020-05-18,9.876543209876543
2020-03-17,8,19,19,1,0,18,74,15441.0,0,2020-01-27,2020-03-20,2020-01-27,2020-03-21,12.76595744680851
2020-03-17,9,30,18,2,2,16,70,11796.0,0,2020-01-27,2020-04-27,2020-01-27,2020-05-05,10.606060606060606
2020-03-17,10,28,21,2,1,19,81,16167.0,0,2020-01-20,2020-04-15,2020-01-20,2020-04-23,12.698412698412698
2020-03-18,1,47,21,2,1,19,95,16305.0,0,2020-01-27,2020-05-25,2020-01-27,2020-05-26,10.465116279069768
2020-03-18,2,18,4,2,0,2,18,3192.0,0,2020-03-09,2020-04-11,2020-03-09,2020-04-14,8.823529411764707
2020-03-18,4,36,35,2,1,33,152,24657.0,0,2020-01-20,2020-03-18,2020-01-20,2020-03-23,11.864406779661017
2020-03-18,5,34,23,2,0,21,93,15420.0,0,2020-02-10,2020-04-12,2020-02-10,2020-04-18,9.523809523809524
2020-03-18,6,35,23,2,1,21,84,16969.0,0,2020-02-10,2020-04-12,2020-02-10,2020-04-13,9.523809523809524
2020-03-18,7,41,21,3,1,18,93,15952.0,0,2020-02-10,2020-05-13,2020-02-10,2020-05-18,9.876543209876543
2020-03-18,8,19,19,1,0,18,75,15441.0,0,2020-01-27,2020-03-20,2020-01-27,2020-03-21,12.76595744680851
2020-03-18,9,30,18,2,2,16,71,11796.0,0,2020-01-27,2020-04-27,2020-01-27,2020-05-05,10.606060606060606
2020-03-18,10,28,22,2,1,20,84,16495.0,0,2020-01-20,2020-04-15,2020-01-20,2020-04-23,12.698412698412698
2020-03-19,1,47,21,2,2,19,97,16305.0,0,2020-01-27,2020-05-25,2020-01-27,2020-05-26,10.465116279069768
2020-03-19,2,18,5,2,0,3,21,3736.0,0,2020-03-09,2020-04-11,2020-03-09,2020-04-14,8.823529411764707
2020-03-19,4,36,36,2,2,34,154,25091.0,0,2020-01-20,2020-03-18,2020-01-20,2020-03-23,11.864406779661017
2020-03-19,5,34,24,2,1,22,96,15623.0,0,2020-02-10,2020-04-12,2020-02-10,2020-04-18,9.523809523809524
2020-03-19,6,35,24,2,1,22,87,17584.0,0,2020-02-10,2020-04-12,2020-02-10,2020-04-13,9.523809523809524
2020-03-19,7,41,21,2,1,19,96,16665.0,0,2020-02-10,2020-05-13,2020-02-10,2020-05-18,9.876543209876543
2020-03-19,8,19,19,1,0,18,76,15441.0,0,2020-01-27,2020-03-20,2020-01-27,2020-03-21,12.76595744680851
2020-03-19,9,30,19,2,2,17,73,12386.0,0,2020-01-27,2020-04-27,2020-01-27,2020-05-05,10.606060606060606
2020-03-19,10,28,22,2,1,20,84,16495.0,0,2020-01-20,2020-04-15,2020-01-20,2020-04-23,12.698412698412698
2020-03-20,1,47,21,2,2,19,99,16305.0,0,2020-01-27,2020-05-25,2020-01-27,2020-05-26,10.465116279069768
2020-03-20,2,18,5,2,0,3,21,3736.0,0,2020-03-09,2020-04-11,2020-03-09,2020-04-14,8.823529411764707
2020-03-20,4,36,36,2,2,34,156,25091.0,0,2020-01-20,2020-03-18,2020-01-20,2020-03-23,11.864406779661017
2020-03-20,5,34,25,2,0,23,99,16041.0,0,2020-02-10,2020-04-12,2020-02-10,2020-04-18,9.523809523809524
2020-03-20,6,35,24,2,1,22,89,17584.0,0,2020-02-10,2020-04-12,2020-02-10,2020-04-13,9.523809523809524
2020-03-20,7,41,23,3,0,20,98,17270.0,0,2020-02-10,2020-05-13,2020-02-10,2020-05-18,9.876543209876543
2020-03-20,8,19,19,1,0,18,77,15441.0,0,2020-01-27,2020-03-20,2020-01-27,2020-03-21,12.76595744680851
2020-03-20,9,30,20,2,2,18,76,12780.0,0,2020-01-27,2020-04-27,2020-01-27,2020-05-05,10.606060606060606
2020-03-20,10,28,22,2,2,20,85,16495.0,0,2020-01-20,2020-04-15,2020-01-20,2020-04-23,12.698412698412698
2020-03-21,1,47,21,2,2,19,99,16305.0,0,2020-01-27,2020-05-25,2020-01-27,2020-05-26,10.465116279069768
2020-03-21,2,18,5,2,1,3,23,3736.0,0,2020-03-09,2020-04-11,2020-03-09,2020-04-14,8.823529411764707
2020-03-21,4,36,36,1,1,35,157,25512.0,0,2020-01-20,2020-03-18,2020-01-20,2020-03-23,11.864406779661017
2020-03-21,5,34,25,2,0,23,100,16041.0,0,2020-02-10,2020-04-12,2020-02-10,2020-04-18,9.523809523809524
2020-03-21,6,35,24,2,1,22,91,17584.0,0,2020-02-10,2020-04-12,2020-02-10,2020-04-13,9.523809523809524
2020-03-21,7,41,23,3,0,20,100,17270.0,0,2020-02-10,2020-05-13,2020-02-10,2020-05-18,9.876543209876543
2020-03-21,9,30,20,2,2,18,76,12780.0,0,2020-01-27,2020-04-27,2020-01-27,2020-05-05,10.606060606060606
2020-03-21,10,28,22,2,2,20,85,16495.0,0,2020-01-20,2020-04-15,2020-01-20,2020-04-23,12.698412698412698
2020-03-22,1,47,21,2,2,19,99,16305.0,0,2020-01-27,2020-05-25,2020-01-27,2020-05-26,10.465116279069768
2020-03-22,2,18,6,1,0,5,26,5554.0,0,2020-03-09,2020-04-11,2020-03-09,2020-04-14,8.823529411764707
2020-03-22,4,36,36,1,1,35,157,25512.0,0,2020-01-20,2020-03-18,2020-01-20,2020-03-23,11.864406779661017
2020-03-22,5,34,25,1,0,24,102,16800.0,0,2020-02-10,2020-04-12,2020-02-10,2020-04-18,9.523809523809524
2020-03-22,6,35,24,2,2,22,91,17584.0,0,2020-02-10,2020-04-12,2020-02-10,2020-04-13,9.523809523809524
2020-03-22,7,41,23,3,0,20,100,17270.0,0,2020-02-10,2020-05-13,2020-02-10,2020-05-18,9.876543209876543
2020-03-22,9,30,20,2,2,18,76,12780.0,0,2020-01-27,2020-04-27,2020-01-27,2020-05-05,10.606060606060606
2020-03-22,10,28,22,2,2,20,85,16495.0,0,2020-01-20,2020-04-15,2020-01-20,2020-04-23,12.698412698412698
2020-03-23,1,47,23,2,1,21,103,17438.0,0,2020-01-27,2020-05-25,2020-01-27,2020-05-26,10.465116279069768
2020-03-23,2,18,7,2,0,5,28,5554.0,0,2020-03-09,2020-04-11,2020-03-09,2020-04-14,8.823529411764707
2020-03-23,5,34,27,2,0,25,105,17630.0,0,2020-02-10,2020-04-12,2020-02-10,2020-04-18,9.523809523809524
2020-03-23,6,35,25,2,2,23,94,18117.0,0,2020-02-10,2020-04-12,2020-02-10,2020-04-13,9.523809523809524
2020-03-23,7,41,23,2,0,21,103,18043.0,0,2020-02-10,2020-05-13,2020-02-10,2020-05-18,9.876543209876543
2020-03-23,9,30,21,2,2,19,79,13269.0,0,2020-01-27,2020-04-27,2020-01-27,2020-05-05,10.606060606060606
2020-03-23,10,28,22,2,2,20,86,16495.0,0,2020-01-20,2020-04-15,2020-01-20,2020-04-23,12.698412698412698
2020-03-24,1,47,23,1,1,22,105,17903.0,0,2020-01-27,2020-05-25,2020-01-27,2020-05-26,10.465116279069768
2020-03-24,2,18,7,2,1,5,30,5554.0,0,2020-03-09,2020-04-11,2020-03-09,2020-04-14,8.823529411764707
2020-03-24,5,34,27,2,0,25,107,17630.0,0,2020-02-10,2020-04-12,2020-02-10,2020-04-18,9.523809523809524
2020-03-24,6,35,25,2,2,23,95,18117.0,0,2020-02-10,2020-04-12,2020-02-10,2020-04-13,9.523809523809524
2020-03-24,7,41,23,2,0,21,104,18043.0,0,2020-02-10,2020-05-13,2020-02-10,2020-05-18,9.876543209876543
2020-03-24,9,30,22,2,1,20,81,13766.0,0,2020-01-27,2020-04-27,2020-01-27,2020-05-05,10.606060606060606
2020-03-24,10,28,22,1,1,21,88,17086.0,0,2020-01-20,2020-04-15,2020-01-20,2020-04-23,12.698412698412698
2020-03-25,1,47,24,2,1,22,106,17903.0,0,2020-01-27,2020-05-25,2020-01-27,2020-05-26,10.465116279069768
2020-03-25,2,18,8,2,0,6,31,6363.0,0,2020-03-09,2020-04-11,2020-03-09,2020-04-14,8.823529411764707
2020-03-25,5,34,27,1,0,26,109,18541.0,0,2020-02-10,2020-04-12,2020-02-10,2020-04-18,9.523809523809524
2020-03-25,6,35,27,2,1,25,98,19380.0,0,2020-02-10,2020-04-12,2020-02-10,2020-04-13,9.523809523809524
2020-03-25,7,41,24,3,1,21,107,18043.0,0,2020-02-10,2020-05-13,2020-02-10,2020-05-18,9.876543209876543
2020-03-25,9,30,22,2,2,20,83,13766.0,0,2020-01-27,2020-04-27,2020-01-27,2020-05-05,10.606060606060606
2020-03-25,10,28,23,1,1,22,90,17479.0,0,2020-01-20,2020-04-15,2020-01-20,2020-04-23,12.698412698412698
2020-03-26,1,47,24,2,1,22,108,17903.0,0,2020-01-27,2020-05-25,2020-01-27,2020-05-26,10.465116279069768
2020-03-26,2,18,8,2,0,6,33,6363.0,0,2020-03-09,2020-04-11,2020-03-09,2020-04-14,8.823529411764707
2020-03-26,5,34,28,1,0,27,111,19081.0,0,2020-02-10,2020-04-12,2020-02-10,2020-04-18,9.523809523809524
2020-03-26,6,35,27,2,1,25,99,19380.0,0,2020-02-10,2020-04-12,2020-02-10,2020-04-13,9.523809523809524
2020-03-26,7,41,24,3,2,21,108,18043.0,0,2020-02-10,2020-05-13,2020-02-10,2020-05-18,9.876543209876543
2020-03-26,9,30,22,2,2,20,85,13766.0,0,2020-01-27,2020-04-27,2020-01-27,2020-05-05,10.606060606060606
2020-03-26,10,28,24,1,1,23,91,17749.0,0,2020-01-20,2020-04-15,2020-01-20,2020-04-23,12.698412698412698
2020-03-27,1,47,25,2,1,23,111,18808.0,0,2020-01-27,2020-05-25,2020-01-27,2020-05-26,10.465116279069768
2020-03-27,2,18,9,2,1,7,35,6701.0,0,2020-03-09,2020-04-11,2020-03-09,2020-04-14,8.823529411764707
2020-03-27,5,34,29,2,0,27,113,19081.0,0,2020-02-10,2020-04-12,2020-02-10,2020-04-18,9.523809523809524
2020-03-27,6,35,28,2,0,26,101,20346.0,0,2020-02-10,2020-04-12,2020-02-10,2020-04-13,9.523809523809524
2020-03-27,7,41,25,3,1,22,111,18435.0,0,2020-02-10,2020-05-13,2020-02-10,2020-05-18,9.876543209876543
2020-03-27,9,30,22,2,2,20,86,13766.0,0,2020-01-27,2020-04-27,2020-01-27,2020-05-05,10.606060606060606
2020-03-27,10,28,24,1,1,23,92,17749.0,0,2020-01-20,2020-04-15,2020-01-20,2020-04-23,12.698412698412698
2020-03-28,1,47,25,2,1,23,111,18808.0,0,2020-01-27,2020-05-25,2020-01-27,2020-05-26,10.465116279069768
2020-03-28,2,18,9,2,1,7,37,6701.0,0,2020-03-09,2020-04-11,2020-03-09,2020-04-14,8.823529411764707
2020-03-28,5,34,29,2,0,27,115,19081.0,0,2020-02-10,2020-04-12,2020-02-10,2020-04-18,9.523809523809524
2020-03-28,6,35,28,2,1,26,103,20346.0,0,2020-02-10,2020-04-12,2020-02-10,2020-04-13,9.523809523809524
2020-03-28,7,41,25,3,1,22,111,18435.0,0,2020-02-10,2020-05-13,2020-02-10,2020-05-18,9.876543209876543
2020-03-28,9,30,22,2,2,20,86,13766.0,0,2020-01-27,2020-04-27,2020-01-27,2020-05-05,10.606060606060606
2020-03-28,10,28,24,1,1,23,92,17749.0,0,2020-01-20,2020-04-15,2020-01-20,2020-04-23,12.698412698412698
2020-03-29,1,47,25,2,1,23,111,18808.0,0,2020-01-27,2020-05-25,2020-01-27,2020-05-26,10.465116279069768
2020-03-29,2,18,9,2,1,7,39,6701.0,0,2020-03-09,2020-04-11,2020-03-09,2020-04-14,8.823529411764707
2020-03-29,5,34,30,2,0,28,118,19453.0,0,2020-02-10,2020-04-12,2020-02-10,2020-04-18,9.523809523809524
2020-03-29,6,35,28,2,2,26,104,20346.0,0,2020-02-10,2020-04-12,2020-02-10,2020-04-13,9.523809523809524
2020-03-29,7,41,25,3,1,22,111,18435.0,0,2020-02-10,2020-05-13,2020-02-10,2020-05-18,9.876543209876543
2020-03-29,9,30,22,2,2,20,86,13766.0,0,2020-01-27,2020-04-27,2020-01-27,2020-05-05,10.606060606060606
2020-03-29,10,28,24,1,1,23,92,17749.0,0,2020-01-20,2020-04-15,2020-01-20,2020-04-23,12.698412698412698
2020-03-30,1,47,25,1,1,24,112,19288.0,0,2020-01-27,2020-05-25,2020-01-27,2020-05-26,10.465116279069768
2020-03-30,2,18,10,2,1,8,42,7446.0,0,2020-03-09,2020-04-11,2020-03-09,2020-04-14,8.823529411764707
2020-03-30,5,34,30,2,0,28,119,19453.0,0,2020-02-10,2020-04-12,2020-02-10,2020-04-18,9.523809523809524
2020-03-30,6,35,28,2,2,26,106,20346.0,0,2020-02-10,2020-04-12,2020-02-10,2020-04-13,9.523809523809524
2020-03-30,7,41,26,3,2,23,115,18783.0,0,2020-02-10,2020-05-13,2020-02-10,2020-05-18,9.876543209876543
2020-03-30,9,30,23,1,1,22,89,14837.0,0,2020-01-27,2020-04-27,2020-01-27,2020-05-05,10.606060606060606
2020-03-30,10,28,24,1,1,23,93,17749.0,0,2020-01-20,2020-04-15,2020-01-20,2020-04-23,12.698412698412698
2020-03-31,1,47,26,2,1,24,113,19288.0,0,2020-01-27,2020-05-25,2020-01-27,2020-05-26,10.465116279069768
2020-03-31,2,18,11,2,0,9,44,7981.0,0,2020-03-09,2020-04-11,2020-03-09,2020-04-14,8.823529411764707
2020-03-31,5,34,30,2,1,28,120,19453.0,0,2020-02-10,2020-04-12,2020-02-10,2020-04-18,9.523809523809524
2020-03-31,6,35,29,2,2,27,108,21242.0,0,2020-02-10,2020-04-12,2020-02-10,2020-04-13,9.523809523809524
2020-03-31,7,41,26,3,3,23,116,18783.0,0,2020-02-10,2020-05-13,2020-02-10,2020-05-18,9.876543209876543
2020-03-31,9,30,23,1,1,22,89,14837.0,0,2020-01-27,2020-04-27,2020-01-27,2020-05-05,10.606060606060606
2020-03-31,10,28,25,1,0,24,95,18580.0,0,2020-01-20,2020-04-15,2020-01-20,2020-04-23,12.698412698412698
2020-04-01,1,47,26,2,1,24,113,19288.0,0,2020-01-27,2020-05-25,2020-01-27,2020-05-26,10.465116279069768
2020-04-01,2,18,12,2,1,10,46,8387.0,0,2020-03-09,2020-04-11,2020-03-09,2020-04-14,8.823529411764707
2020-04-01,5,34,31,2,0,29,121,19959.0,0,2020-02-10,2020-04-12,2020-02-10,2020-04-18,9.523809523809524
2020-04-01,6,35,30,2,2,28,111,21581.0,0,2020-02-10,2020-04-12,2020-02-10,2020-04-13,9.523809523809524
2020-04-01,7,41,27,3,2,24,118,19770.0,0,2020-02-10,2020-05-13,2020-02-10,2020-05-18,9.876543209876543
2020-04-01,9,30,23,1,1,22,90,14837.0,0,2020-01-27,2020-04-27,2020-01-27,2020-05-05,10.606060606060606
2020-04-01,10,28,25,1,0,24,96,18580.0,0,2020-01-20,2020-04-15,2020-01-20,2020-04-23,12.698412698412698
2020-04-02,1,47,27,2,1,25,116,19587.0,1,2020-01-27,2020-05-25,2020-01-27,2020-05-26,10.465116279069768
2020-04-02,2,18,13,2,1,11,48,8692.0,1,2020-03-09,2020-04-11,2020-03-09,2020-04-14,8.823529411764707
2020-04-02,5,34,31,2,1,29,123,19959.0,1,2020-02-10,2020-04-12,2020-02-10,2020-04-18,9.523809523809524
2020-04-02,6,35,30,2,2,28,112,21581.0,1,2020-02-10,2020-04-12,2020-02-10,2020-04-13,9.523809523809524
2020-04-02,7,41,27,3,3,24,120,19770.0,1,2020-02-10,2020-05-13,2020-02-10,2020-05-18,9.876543209876543
2020-04-02,9,30,23,1,1,22,91,14837.0,1,2020-01-27,2020-04-27,2020-01-27,2020-05-05,10.606060606060606
2020-04-02,10,28,25,1,0,24,97,18580.0,1,2020-01-20,2020-04-15,2020-01-20,2020-04-23,12.698412698412698
2020-04-03,1,47,29,2,1,27,119,20252.0,0,2020-01-27,2020-05-25,2020-01-27,2020-05-26,10.465116279069768
2020-04-03,2,18,13,2,1,11,50,8692.0,0,2020-03-09,2020-04-11,2020-03-09,2020-04-14,8.823529411764707
2020-04-03,5,34,31,2,2,29,123,19959.0,0,2020-02-10,2020-04-12,2020-02-10,2020-04-18,9.523809523809524
2020-04-03,6,35,31,2,1,29,115,22462.0,0,2020-02-10,2020-04-12,2020-02-10,2020-04-13,9.523809523809524
2020-04-03,7,41,28,3,3,25,124,20451.0,0,2020-02-10,2020-05-13,2020-02-10,2020-05-18,9.876543209876543
2020-04-03,9,30,24,1,1,23,93,15110.0,0,2020-01-27,2020-04-27,2020-01-27,2020-05-05,10.606060606060606
2020-04-03,10,28,25,1,1,24,98,18580.0,0,2020-01-20,2020-04-15,2020-01-20,2020-04-23,12.698412698412698
2020-04-04,1,47,29,2,1,27,119,20252.0,1,2020-01-27,2020-05-25,2020-01-27,2020-05-26,10.465116279069768
2020-04-04,2,18,13,2,1,11,51,8692.0,1,2020-03-09,2020-04-11,2020-03-09,2020-04-14,8.823529411764707
2020-04-04,5,34,33,2,0,31,126,21368.0,1,2020-02-10,2020-04-12,2020-02-10,2020-04-18,9.523809523809524
2020-04-04,6,35,31,2,2,29,116,22462.0,1,2020-02-10,2020-04-12,2020-02-10,2020-04-13,9.523809523809524
2020-04-04,7,41,29,2,1,27,127,21957.0,1,2020-02-10,2020-05-13,2020-02-10,2020-05-18,9.876543209876543
2020-04-04,9,30,24,1,1,23,93,15110.0,1,2020-01-27,2020-04-27,2020-01-27,2020-05-05,10.606060606060606
2020-04-04,10,28,25,1,1,24,98,18580.0,1,2020-01-20,2020-04-15,2020-01-20,2020-04-23,12.698412698412698
2020-04-05,1,47,29,2,1,27,119,20252.0,0,2020-01-27,2020-05-25,2020-01-27,2020-05-26,10.465116279069768
2020-04-05,2,18,14,2,2,12,54,9048.0,0,2020-03-09,2020-04-11,2020-03-09,2020-04-14,8.823529411764707
2020-04-05,5,34,33,2,0,31,128,21368.0,0,2020-02-10,2020-04-12,2020-02-10,2020-04-18,9.523809523809524
2020-04-05,6,35,31,2,2,29,118,22462.0,0,2020-02-10,2020-04-12,2020-02-10,2020-04-13,9.523809523809524
2020-04-05,7,41,29,2,1,27,127,21957.0,0,2020-02-10,2020-05-13,2020-02-10,2020-05-18,9.876543209876543
2020-04-05,9,30,24,1,1,23,93,15110.0,0,2020-01-27,2020-04-27,2020-01-27,2020-05-05,10.606060606060606
2020-04-05,10,28,25,1,1,24,98,18580.0,0,2020-01-20,2020-04-15,2020-01-20,2020-04-23,12.698412698412698
2020-04-06,1,47,29,2,1,27,121,20252.0,0,2020-01-27,2020-05-25,2020-01-27,2020-05-26,10.465116279069768
2020-04-06,2,18,16,2,0,14,58,10637.0,0,2020-03-09,2020-04-11,2020-03-09,2020-04-14,8.823529411764707
2020-04-06,5,34,33,2,1,31,129,21368.0,0,2020-02-10,2020-04-12,2020-02-10,2020-04-18,9.523809523809524
2020-04-06,6,35,32,2,1,30,120,23426.0,0,2020-02-10,2020-04-12,2020-02-10,2020-04-13,9.523809523809524
2020-04-06,7,41,29,2,1,27,128,21957.0,0,2020-02-10,2020-05-13,2020-02-10,2020-05-18,9.876543209876543
2020-04-06,9,30,24,1,1,23,94,15110.0,0,2020-01-27,2020-04-27,2020-01-27,2020-05-05,10.606060606060606
2020-04-06,10,28,26,1,0,25,100,19026.0,0,2020-01-20,2020-04-15,2020-01-20,2020-04-23,12.698412698412698
2020-04-07,1,47,29,2,1,27,122,20252.0,0,2020-01-27,2020-05-25,2020-01-27,2020-05-26,10.465116279069768
2020-04-07,2,18,16,2,1,14,59,10637.0,0,2020-03-09,2020-04-11,2020-03-09,2020-04-14,8.823529411764707
2020-04-07,5,34,33,2,1,31,131,21368.0,0,2020-02-10,2020-04-12,2020-02-10,2020-04-18,9.523809523809524
2020-04-07,6,35,33,2,2,31,123,24335.0,0,2020-02-10,2020-04-12,2020-02-10,2020-04-13,9.523809523809524
2020-04-07,7,41,30,2,1,28,131,22854.0,0,2020-02-10,2020-05-13,2020-02-10,2020-05-18,9.876543209876543
2020-04-07,9,30,24,1,1,23,95,15110.0,0,2020-01-27,2020-04-27,2020-01-27,2020-05-05,10.606060606060606
2020-04-07,10,28,26,1,0,25,100,19026.0,0,2020-01-20,2020-04-15,2020-01-20,2020-04-23,12.698412698412698
2020-04-08,1,47,29,2,1,27,123,20252.0,0,2020-01-27,2020-05-25,2020-01-27,2020-05-26,10.465116279069768
2020-04-08,2,18,17,2,0,15,62,11409.0,0,2020-03-09,2020-04-11,2020-03-09,2020-04-14,8.823529411764707
2020-04-08,5,34,33,1,0,32,132,21777.0,0,2020-02-10,2020-04-12,2020-02-10,2020-04-18,9.523809523809524
2020-04-08,6,35,34,2,1,32,125,24886.0,0,2020-02-10,2020-04-12,2020-02-10,2020-04-13,9.523809523809524
2020-04-08,7,41,30,2,2,28,132,22854.0,0,2020-02-10,2020-05-13,2020-02-10,2020-05-18,9.876543209876543
2020-04-08,9,30,24,1,1,23,96,15110.0,0,2020-01-27,2020-04-27,2020-01-27,2020-05-05,10.606060606060606
2020-04-08,10,28,26,1,1,25,101,19026.0,0,2020-01-20,2020-04-15,2020-01-20,2020-04-23,12.698412698412698
2020-04-09,1,47,30,2,1,28,126,20781.0,0,2020-01-27,2020-05-25,2020-01-27,2020-05-26,10.465116279069768
2020-04-09,2,18,17,2,0,15,63,11409.0,0,2020-03-09,2020-04-11,2020-03-09,2020-04-14,8.823529411764707
2020-04-09,5,34,34,1,0,33,133,22062.0,0,2020-02-10,2020-04-12,2020-02-10,2020-04-18,9.523809523809524
2020-04-09,6,35,34,2,1,32,127,24886.0,0,2020-02-10,2020-04-12,2020-02-10,2020-04-13,9.523809523809524
2020-04-09,7,41,30,2,2,28,134,22854.0,0,2020-02-10,2020-05-13,2020-02-10,2020-05-18,9.876543209876543
2020-04-09,9,30,25,1,1,24,98,15709.0,0,2020-01-27,2020-04-27,2020-01-27,2020-05-05,10.606060606060606
2020-04-09,10,28,26,1,1,25,102,19026.0,0,2020-01-20,2020-04-15,2020-01-20,2020-04-23,12.698412698412698
2020-04-10,1,47,30,2,1,28,128,20781.0,1,2020-01-27,2020-05-25,2020-01-27,2020-05-26,10.465116279069768
2020-04-10,2,18,17,1,0,16,65,12062.0,1,2020-03-09,2020-04-11,2020-03-09,2020-04-14,8.823529411764707
2020-04-10,5,34,34,1,0,33,133,22062.0,1,2020-02-10,2020-04-12,2020-02-10,2020-04-18,9.523809523809524
2020-04-10,6,35,35,2,1,33,130,25185.0,1,2020-02-10,2020-04-12,2020-02-10,2020-04-13,9.523809523809524
2020-04-10,7,41,31,2,1,29,137,23666.0,1,2020-02-10,2020-05-13,2020-02-10,2020-05-18,9.876543209876543
2020-04-10,9,30,25,1,1,24,99,15709.0,1,2020-01-27,2020-04-27,2020-01-27,2020-05-05,10.606060606060606
2020-04-10,10,28,26,1,1,25,102,19026.0,1,2020-01-20,2020-04-15,2020-01-20,2020-04-23,12.698412698412698
2020-04-11,1,47,30,2,1,28,128,20781.0,0,2020-01-27,2020-05-25,2020-01-27,2020-05-26,10.465116279069768
2020-04-11,2,18,17,1,1,16,66,12062.0,0,2020-03-09,2020-04-11,2020-03-09,2020-04-14,8.823529411764707
2020-04-11,5,34,34,1,0,33,133,22062.0,0,2020-02-10,2020-04-12,2020-02-10,2020-04-18,9.523809523809524
2020-04-11,6,35,35,1,0,34,132,26047.0,0,2020-02-10,2020-04-12,2020-02-10,2020-04-13,9.523809523809524
2020-04-11,7,41,31,2,2,29,138,23666.0,0,2020-02-10,2020-05-13,2020-02-10,2020-05-18,9.876543209876543
2020-04-11,9,30,25,1,1,24,99,15709.0,0,2020-01-27,2020-04-27,2020-01-27,2020-05-05,10.606060606060606
2020-04-11,10,28,26,1,1,25,102,19026.0,0,2020-01-20,2020-04-15,2020-01-20,2020-04-23,12.698412698412698
2020-04-12,1,47,30,2,1,28,128,20781.0,0,2020-01-27,2020-05-25,2020-01-27,2020-05-26,10.465116279069768
2020-04-12,2,18,17,1,1,16,66,12062.0,0,2020-03-09,2020-04-11,2020-03-09,2020-04-14,8.823529411764707
2020-04-12,5,34,34,1,0,33,134,22062.0,0,2020-02-10,2020-04-12,2020-02-10,2020-04-18,9.523809523809524
2020-04-12,6,35,35,1,0,34,133,26047.0,0,2020-02-10,2020-04-12,2020-02-10,2020-04-13,9.523809523809524
2020-04-12,7,41,31,2,2,29,138,23666.0,0,2020-02-10,2020-05-13,2020-02-10,2020-05-18,9.876543209876543
2020-04-12,9,30,25,1,1,24,99,15709.0,0,2020-01-27,2020-04-27,2020-01-27,2020-05-05,10.606060606060606
2020-04-12,10,28,26,1,1,25,102,19026.0,0,2020-01-20,2020-04-15,2020-01-20,2020-04-23,12.698412698412698
2020-04-13,1,47,30,2,1,28,128,20781.0,0,2020-01-27,2020-05-25,2020-01-27,2020-05-26,10.465116279069768
2020-04-13,2,18,18,1,1,17,68,12776.0,0,2020-03-09,2020-04-11,2020-03-09,2020-04-14,8.823529411764707
2020-04-13,5,34,34,1,1,33,135,22062.0,0,2020-02-10,2020-04-12,2020-02-10,2020-04-18,9.523809523809524
2020-04-13,7,41,32,2,2,30,141,24098.0,0,2020-02-10,2020-05-13,2020-02-10,2020-05-18,9.876543209876543
2020-04-13,9,30,25,1,1,24,100,15709.0,0,2020-01-27,2020-04-27,2020-01-27,2020-05-05,10.606060606060606
2020-04-13,10,28,27,1,1,26,103,19725.0,0,2020-01-20,2020-04-15,2020-01-20,2020-04-23,12.698412698412698
2020-04-14,1,47,31,1,1,30,131,22390.0,0,2020-01-27,2020-05-25,2020-01-27,2020-05-26,10.465116279069768
2020-04-14,5,34,34,1,1,33,135,22062.0,0,2020-02-10,2020-04-12,2020-02-10,2020-04-18,9.523809523809524
2020-04-14,7,41,33,2,1,31,144,24362.0,0,2020-02-10,2020-05-13,2020-02-10,2020-05-18,9.876543209876543
2020-04-14,9,30,26,1,1,25,101,16215.0,0,2020-01-27,2020-04-27,2020-01-27,2020-05-05,10.606060606060606
2020-04-14,10,28,27,1,1,26,103,19725.0,0,2020-01-20,2020-04-15,2020-01-20,2020-04-23,12.698412698412698
2020-04-15,1,47,33,2,1,31,134,23229.0,0,2020-01-27,2020-05-25,2020-01-27,2020-05-26,10.465116279069768
2020-04-15,5,34,34,1,1,33,135,22062.0,0,2020-02-10,2020-04-12,2020-02-10,2020-04-18,9.523809523809524
2020-04-15,7,41,33,2,1,31,145,24362.0,0,2020-02-10,2020-05-13,2020-02-10,2020-05-18,9.876543209876543
2020-04-15,9,30,26,1,1,25,102,16215.0,0,2020-01-27,2020-04-27,2020-01-27,2020-05-05,10.606060606060606
2020-04-15,10,28,27,1,1,26,104,19725.0,0,2020-01-20,2020-04-15,2020-01-20,2020-04-23,12.698412698412698
2020-04-16,1,47,34,2,1,32,137,23674.0,0,2020-01-27,2020-05-25,2020-01-27,2020-05-26,10.465116279069768
2020-04-16,5,34,34,1,1,33,136,22062.0,0,2020-02-10,2020-04-12,2020-02-10,2020-04-18,9.523809523809524
2020-04-16,7,41,34,2,1,32,147,24704.0,0,2020-02-10,2020-05-13,2020-02-10,2020-05-18,9.876543209876543
2020-04-16,9,30,26,1,1,25,103,16215.0,0,2020-01-27,2020-04-27,2020-01-27,2020-05-05,10.606060606060606
2020-04-16,10,28,27,1,1,26,105,19725.0,0,2020-01-20,2020-04-15,2020-01-20,2020-04-23,12.698412698412698
2020-04-17,1,47,34,1,1,33,139,24343.0,0,2020-01-27,2020-05-25,2020-01-27,2020-05-26,10.465116279069768
2020-04-17,5,34,34,1,1,33,136,22062.0,0,2020-02-10,2020-04-12,2020-02-10,2020-04-18,9.523809523809524
2020-04-17,7,41,34,2,2,32,149,24704.0,0,2020-02-10,2020-05-13,2020-02-10,2020-05-18,9.876543209876543
2020-04-17,9,30,27,1,1,26,105,17136.0,0,2020-01-27,2020-04-27,2020-01-27,2020-05-05,10.606060606060606
2020-04-17,10,28,28,1,1,27,107,20216.0,0,2020-01-20,2020-04-15,2020-01-20,2020-04-23,12.698412698412698
2020-04-18,1,47,34,1,1,33,139,24343.0,0,2020-01-27,2020-05-25,2020-01-27,2020-05-26,10.465116279069768
2020-04-18,7,41,35,2,1,33,150,25167.0,0,2020-02-10,2020-05-13,2020-02-10,2020-05-18,9.876543209876543
2020-04-18,9,30,27,1,1,26,105,17136.0,0,2020-01-27,2020-04-27,2020-01-27,2020-05-05,10.606060606060606
2020-04-18,10,28,28,1,1,27,107,20216.0,0,2020-01-20,2020-04-15,2020-01-20,2020-04-23,12.698412698412698
2020-04-19,1,47,34,1,1,33,139,24343.0,0,2020-01-27,2020-05-25,2020-01-27,2020-05-26,10.465116279069768
2020-04-19,7,41,35,2,1,33,150,25167.0,0,2020-02-10,2020-05-13,2020-02-10,2020-05-18,9.876543209876543
2020-04-19,9,30,27,1,1,26,105,17136.0,0,2020-01-27,2020-04-27,2020-01-27,2020-05-05,10.606060606060606
2020-04-19,10,28,28,1,1,27,107,20216.0,0,2020-01-20,2020-04-15,2020-01-20,2020-04-23,12.698412698412698
2020-04-20,1,47,35,2,1,33,141,24343.0,0,2020-01-27,2020-05-25,2020-01-27,2020-05-26,10.465116279069768
2020-04-20,7,41,35,2,1,33,152,25167.0,0,2020-02-10,2020-05-13,2020-02-10,2020-05-18,9.876543209876543
2020-04-20,9,30,28,1,1,27,107,18109.0,0,2020-01-27,2020-04-27,2020-01-27,2020-05-05,10.606060606060606
2020-04-20,10,28,28,1,1,27,108,20216.0,0,2020-01-20,2020-04-15,2020-01-20,2020-04-23,12.698412698412698
2020-04-21,1,47,35,2,1,33,141,24343.0,0,2020-01-27,2020-05-25,2020-01-27,2020-05-26,10.465116279069768
2020-04-21,7,41,35,2,1,33,154,25167.0,0,2020-02-10,2020-05-13,2020-02-10,2020-05-18,9.876543209876543
2020-04-21,9,30,28,1,1,27,108,18109.0,0,2020-01-27,2020-04-27,2020-01-27,2020-05-05,10.606060606060606
2020-04-21,10,28,28,1,1,27,109,20216.0,0,2020-01-20,2020-04-15,2020-01-20,2020-04-23,12.698412698412698
2020-04-22,1,47,35,2,1,33,143,24343.0,0,2020-01-27,2020-05-25,2020-01-27,2020-05-26,10.465116279069768
2020-04-22,7,41,35,2,1,33,155,25167.0,0,2020-02-10,2020-05-13,2020-02-10,2020-05-18,9.876543209876543
2020-04-22,9,30,28,1,1,27,108,18109.0,0,2020-01-27,2020-04-27,2020-01-27,2020-05-05,10.606060606060606
2020-04-22,10,28,28,1,1,27,109,20216.0,0,2020-01-20,2020-04-15,2020-01-20,2020-04-23,12.698412698412698
2020-04-23,1,47,36,2,2,34,146,25050.0,0,2020-01-27,2020-05-25,2020-01-27,2020-05-26,10.465116279069768
2020-04-23,7,41,35,2,1,33,156,25167.0,0,2020-02-10,2020-05-13,2020-02-10,2020-05-18,9.876543209876543
2020-04-23,9,30,28,1,1,27,108,18109.0,0,2020-01-27,2020-04-27,2020-01-27,2020-05-05,10.606060606060606
2020-04-24,1,47,37,2,2,35,148,25938.0,0,2020-01-27,2020-05-25,2020-01-27,2020-05-26,10.465116279069768
2020-04-24,7,41,36,2,2,34,158,25872.0,0,2020-02-10,2020-05-13,2020-02-10,2020-05-18,9.876543209876543
2020-04-24,9,30,28,1,1,27,108,18109.0,0,2020-01-27,2020-04-27,2020-01-27,2020-05-05,10.606060606060606
2020-04-25,1,47,37,2,2,35,148,25938.0,0,2020-01-27,2020-05-25,2020-01-27,2020-05-26,10.465116279069768
2020-04-25,7,41,36,2,2,34,159,25872.0,0,2020-02-10,2020-05-13,2020-02-10,2020-05-18,9.876543209876543
2020-04-25,9,30,28,1,1,27,108,18109.0,0,2020-01-27,2020-04-27,2020-01-27,2020-05-05,10.606060606060606
2020-04-26,1,47,37,2,2,35,148,25938.0,0,2020-01-27,2020-05-25,2020-01-27,2020-05-26,10.465116279069768
2020-04-26,7,41,36,2,2,34,159,25872.0,0,2020-02-10,2020-05-13,2020-02-10,2020-05-18,9.876543209876543
2020-04-26,9,30,28,1,1,27,108,18109.0,0,2020-01-27,2020-04-27,2020-01-27,2020-05-05,10.606060606060606
2020-04-27,1,47,37,2,2,35,149,25938.0,0,2020-01-27,2020-05-25,2020-01-27,2020-05-26,10.465116279069768
2020-04-27,7,41,36,2,2,34,161,25872.0,0,2020-02-10,2020-05-13,2020-02-10,2020-05-18,9.876543209876543
2020-04-27,9,30,29,1,1,28,110,18472.0,0,2020-01-27,2020-04-27,2020-01-27,2020-05-05,10.606060606060606
2020-04-28,1,47,38,2,2,36,151,26829.0,0,2020-01-27,2020-05-25,2020-01-27,2020-05-26,10.465116279069768
2020-04-28,7,41,38,2,1,36,165,27469.0,0,2020-02-10,2020-05-13,2020-02-10,2020-05-18,9.876543209876543
2020-04-28,9,30,29,1,1,28,111,18472.0,0,2020-01-27,2020-04-27,2020-01-27,2020-05-05,10.606060606060606
2020-04-29,1,47,40,2,2,38,155,27734.0,1,2020-01-27,2020-05-25,2020-01-27,2020-05-26,10.465116279069768
2020-04-29,7,41,38,2,1,36,167,27469.0,1,2020-02-10,2020-05-13,2020-02-10,2020-05-18,9.876543209876543
2020-04-29,9,30,30,1,1,29,113,18676.0,1,2020-01-27,2020-04-27,2020-01-27,2020-05-05,10.606060606060606
2020-04-30,1,47,41,2,2,39,158,28392.0,1,2020-01-27,2020-05-25,2020-01-27,2020-05-26,10.465116279069768
2020-04-30,7,41,38,2,1,36,168,27469.0,1,2020-02-10,2020-05-13,2020-02-10,2020-05-18,9.876543209876543
2020-04-30,9,30,30,1,1,29,114,18676.0,1,2020-01-27,2020-04-27,2020-01-27,2020-05-05,10.606060606060606
2020-05-01,1,47,41,2,2,39,160,28392.0,0,2020-01-27,2020-05-25,2020-01-27,2020-05-26,10.465116279069768
2020-05-01,7,41,38,1,1,37,170,27962.0,0,2020-02-10,2020-05-13,2020-02-10,2020-05-18,9.876543209876543
2020-05-01,9,30,30,1,1,29,115,18676.0,0,2020-01-27,2020-04-27,2020-01-27,2020-05-05,10.606060606060606
2020-05-02,1,47,41,2,2,39,160,28392.0,0,2020-01-27,2020-05-25,2020-01-27,2020-05-26,10.465116279069768
2020-05-02,7,41,38,1,1,37,171,27962.0,0,2020-02-10,2020-05-13,2020-02-10,2020-05-18,9.876543209876543
2020-05-02,9,30,30,1,1,29,115,18676.0,0,2020-01-27,2020-04-27,2020-01-27,2020-05-05,10.606060606060606
2020-05-03,1,47,41,2,2,39,160,28392.0,0,2020-01-27,2020-05-25,2020-01-27,2020-05-26,10.465116279069768
2020-05-03,7,41,38,1,1,37,171,27962.0,0,2020-02-10,2020-05-13,2020-02-10,2020-05-18,9.876543209876543
2020-05-03,9,30,30,1,1,29,115,18676.0,0,2020-01-27,2020-04-27,2020-01-27,2020-05-05,10.606060606060606
2020-05-04,1,47,42,2,2,40,162,29251.0,0,2020-01-27,2020-05-25,2020-01-27,2020-05-26,10.465116279069768
2020-05-04,7,41,39,1,0,38,173,28936.0,0,2020-02-10,2020-05-13,2020-02-10,2020-05-18,9.876543209876543
2020-05-04,9,30,30,1,1,29,116,18676.0,0,2020-01-27,2020-04-27,2020-01-27,2020-05-05,10.606060606060606
2020-05-05,1,47,43,2,2,41,165,30227.0,0,2020-01-27,2020-05-25,2020-01-27,2020-05-26,10.465116279069768
2020-05-05,7,41,39,1,0,38,174,28936.0,0,2020-02-10,2020-05-13,2020-02-10,2020-05-18,9.876543209876543
2020-05-06,1,47,44,2,1,42,168,30807.0,0,2020-01-27,2020-05-25,2020-01-27,2020-05-26,10.465116279069768
2020-05-06,7,41,39,1,0,38,174,28936.0,0,2020-02-10,2020-05-13,2020-02-10,2020-05-18,9.876543209876543
2020-05-07,1,47,44,2,2,42,170,30807.0,0,2020-01-27,2020-05-25,2020-01-27,2020-05-26,10.465116279069768
2020-05-07,7,41,39,1,1,38,175,28936.0,0,2020-02-10,2020-05-13,2020-02-10,2020-05-18,9.876543209876543
2020-05-08,1,47,44,1,1,43,172,31504.0,0,2020-01-27,2020-05-25,2020-01-27,2020-05-26,10.465116279069768
2020-05-08,7,41,39,1,1,38,176,28936.0,0,2020-02-10,2020-05-13,2020-02-10,2020-05-18,9.876543209876543
2020-05-09,1,47,44,1,1,43,172,31504.0,0,2020-01-27,2020-05-25,2020-01-27,2020-05-26,10.465116279069768
2020-05-09,7,41,40,1,1,39,177,29427.0,0,2020-02-10,2020-05-13,2020-02-10,2020-05-18,9.876543209876543
2020-05-10,1,47,44,1,1,43,172,31504.0,0,2020-01-27,2020-05-25,2020-01-27,2020-05-26,10.465116279069768
2020-05-10,7,41,40,1,1,39,177,29427.0,0,2020-02-10,2020-05-13,2020-02-10,2020-05-18,9.876543209876543
2020-05-11,1,47,44,1,1,43,172,31504.0,0,2020-01-27,2020-05-25,2020-01-27,2020-05-26,10.465116279069768
2020-05-11,7,41,40,1,1,39,178,29427.0,0,2020-02-10,2020-05-13,2020-02-10,2020-05-18,9.876543209876543
2020-05-12,1,47,45,1,0,44,174,31851.0,0,2020-01-27,2020-05-25,2020-01-27,2020-05-26,10.465116279069768
2020-05-12,7,41,40,1,1,39,178,29427.0,0,2020-02-10,2020-05-13,2020-02-10,2020-05-18,9.876543209876543
2020-05-13,1,47,45,1,0,44,174,31851.0,0,2020-01-27,2020-05-25,2020-01-27,2020-05-26,10.465116279069768
2020-05-13,7,41,41,1,0,40,180,30051.0,0,2020-02-10,2020-05-13,2020-02-10,2020-05-18,9.876543209876543
2020-05-14,1,47,45,1,1,44,175,31851.0,0,2020-01-27,2020-05-25,2020-01-27,2020-05-26,10.465116279069768
2020-05-14,7,41,41,1,1,40,181,30051.0,0,2020-02-10,2020-05-13,2020-02-10,2020-05-18,9.876543209876543
2020-05-15,1,47,45,1,1,44,176,31851.0,0,2020-01-27,2020-05-25,2020-01-27,2020-05-26,10.465116279069768
2020-05-15,7,41,41,1,1,40,182,30051.0,0,2020-02-10,2020-05-13,2020-02-10,2020-05-18,9.876543209876543
2020-05-16,1,47,45,1,1,44,176,31851.0,0,2020-01-27,2020-05-25,2020-01-27,2020-05-26,10.465116279069768
2020-05-16,7,41,41,1,1,40,182,30051.0,0,2020-02-10,2020-05-13,2020-02-10,2020-05-18,9.876543209876543
2020-05-17,1,47,45,1,1,44,176,31851.0,0,2020-01-27,2020-05-25,2020-01-27,2020-05-26,10.465116279069768
2020-05-17,7,41,41,1,1,40,182,30051.0,0,2020-02-10,2020-05-13,2020-02-10,2020-05-18,9.876543209876543
2020-05-18,1,47,45,1,1,44,177,31851.0,0,2020-01-27,2020-05-25,2020-01-27,2020-05-26,10.465116279069768
2020-05-19,1,47,46,1,1,45,179,32675.0,0,2020-01-27,2020-05-25,2020-01-27,2020-05-26,10.465116279069768
2020-05-20,1,47,47,1,0,46,181,32886.0,0,2020-01-27,2020-05-25,2020-01-27,2020-05-26,10.465116279069768
2020-05-21,1,47,47,1,0,46,182,32886.0,0,2020-01-27,2020-05-25,2020-01-27,2020-05-26,10.465116279069768
2020-05-22,1,47,47,1,0,46,183,32886.0,0,2020-01-27,2020-05-25,2020-01-27,2020-05-26,10.465116279069768
2020-05-23,1,47,47,1,0,46,183,32886.0,0,2020-01-27,2020-05-25,2020-01-27,2020-05-26,10.465116279069768
2020-05-24,1,47,47,1,0,46,183,32886.0,0,2020-01-27,2020-05-25,2020-01-27,2020-05-26,10.465116279069768
2020-05-25,1,47,47,1,0,46,184,32886.0,0,2020-01-27,2020-05-25,2020-01-27,2020-05-26,10.465116279069768
2020-01-27,1,47,0,0,0,0,0,0.0,0,2020-01-27,2020-05-25,2020-01-27,2020-05-26,10.465116279069768
2020-03-09,2,18,0,0,0,0,0,0.0,0,2020-03-09,2020-04-11,2020-03-09,2020-04-14,8.823529411764707
2020-01-20,3,22,0,0,0,0,0,0.0,0,2020-01-20,2020-03-10,2020-01-20,2020-03-17,13.725490196078432
2020-01-20,4,36,0,0,0,0,0,0.0,0,2020-01-20,2020-03-18,2020-01-20,2020-03-23,11.864406779661017
2020-02-10,5,34,0,0,0,0,0,0.0,0,2020-02-10,2020-04-12,2020-02-10,2020-04-18,9.523809523809524
2020-02-10,6,35,0,0,0,0,0,0.0,0,2020-02-10,2020-04-12,2020-02-10,2020-04-13,9.523809523809524
2020-02-10,7,41,0,0,0,0,0,0.0,0,2020-02-10,2020-05-13,2020-02-10,2020-05-18,9.876543209876543
2020-01-27,8,19,0,0,0,0,0,0.0,0,2020-01-27,2020-03-20,2020-01-27,2020-03-21,12.76595744680851
2020-01-27,9,30,0,0,0,0,0,0.0,0,2020-01-27,2020-04-27,2020-01-27,2020-05-05,10.606060606060606
2020-01-20,10,28,0,0,0,0,0,0.0,0,2020-01-20,2020-04-15,2020-01-20,2020-04-23,12.698412698412698
