Date,ID,Name,StartDate,EndDate,Cost,Priority,Progress,ProjectID,Status,Duration,ActualStartDate,ActualEndDate
2024-03-12,1,father,2024-03-12,2024-03-20,2893.0,Critical,1,1,On Progress,7,2024-03-12,2024-03-20
2024-03-13,1,father,2024-03-12,2024-03-20,2893.0,Critical,2,1,On Progress,7,2024-03-12,2024-03-20
2024-03-13,10,forward,2024-03-13,2024-03-22,2054.0,Critical,1,1,On Progress,8,2024-03-13,2024-03-22
2024-03-14,1,father,2024-03-12,2024-03-20,2893.0,Critical,3,1,On Progress,7,2024-03-12,2024-03-20
2024-03-14,10,forward,2024-03-13,2024-03-22,2054.0,Critical,2,1,On Progress,8,2024-03-13,2024-03-22
2024-03-15,1,father,2024-03-12,2024-03-20,2893.0,Critical,4,1,On Progress,7,2024-03-12,2024-03-20
2024-03-15,10,forward,2024-03-13,2024-03-22,2054.0,Critical,3,1,On Progress,8,2024-03-13,2024-03-22
2024-03-18,1,father,2024-03-12,2024-03-20,2893.0,Critical,5,1,On Progress,7,2024-03-12,2024-03-20
2024-03-18,10,forward,2024-03-13,2024-03-22,2054.0,Critical,4,1,On Progress,8,2024-03-13,2024-03-22
2024-03-18,88,something,2024-03-18,2024-03-25,2412.0,Critical,1,5,On Progress,7,2024-03-18,2024-03-26
2024-03-19,1,father,2024-03-12,2024-03-20,2893.0,Critical,6,1,On Progress,7,2024-03-12,2024-03-20
2024-03-19,10,forward,2024-03-13,2024-03-22,2054.0,Critical,5,1,On Progress,8,2024-03-13,2024-03-22
2024-03-19,88,something,2024-03-18,2024-03-25,2412.0,Critical,1,5,On Progress,7,2024-03-18,2024-03-26
2024-03-20,1,father,2024-03-12,2024-03-20,2893.0,Critical,7,1,Completed,7,2024-03-12,2024-03-20
2024-03-20,2,leader,2024-03-20,2024-03-21,671.0,Normal,0,1,On Progress,2,2024-03-20,2024-03-22
2024-03-20,10,forward,2024-03-13,2024-03-22,2054.0,Critical,6,1,On Progress,8,2024-03-13,2024-03-22
2024-03-20,88,something,2024-03-18,2024-03-25,2412.0,Critical,2,5,On Progress,7,2024-03-18,2024-03-26
2024-03-21,2,leader,2024-03-20,2024-03-21,671.0,Critical,1,1,Delayed,2,2024-03-20,2024-03-22
2024-03-21,10,forward,2024-03-13,2024-03-22,2054.0,Critical,7,1,On Progress,8,2024-03-13,2024-03-22
2024-03-21,88,something,2024-03-18,2024-03-25,2412.0,Critical,3,5,On Progress,7,2024-03-18,2024-03-26
2024-03-21,102,occur,2024-03-21,2024-04-02,1112.0,Critical,1,5,On Progress,11,2024-03-21,2024-04-03
2024-03-22,2,leader,2024-03-20,2024-03-21,671.0,Critical,2,1,Completed,2,2024-03-20,2024-03-22
2024-03-22,3,religious,2024-03-21,2024-03-25,401.0,Normal,1,1,On Progress,3,2024-03-22,2024-03-26
2024-03-22,10,forward,2024-03-13,2024-03-22,2054.0,Critical,8,1,Completed,8,2024-03-13,2024-03-22
2024-03-22,11,consumer,2024-03-22,2024-03-25,859.0,Normal,1,1,On Progress,2,2024-03-22,2024-03-25
2024-03-22,88,something,2024-03-18,2024-03-25,2412.0,Critical,4,5,On Progress,7,2024-03-18,2024-03-26
2024-03-22,102,occur,2024-03-21,2024-04-02,1112.0,Critical,2,5,On Progress,11,2024-03-21,2024-04-03
2024-03-23,88,something,2024-03-18,2024-03-25,2412.0,Critical,5,5,On Progress,7,2024-03-18,2024-03-26
2024-03-23,102,occur,2024-03-21,2024-04-02,1112.0,Critical,3,5,On Progress,11,2024-03-21,2024-04-03
2024-03-25,3,religious,2024-03-21,2024-03-25,401.0,Critical,2,1,Delayed,3,2024-03-22,2024-03-26
2024-03-25,11,consumer,2024-03-22,2024-03-25,859.0,Normal,2,1,Completed,2,2024-03-22,2024-03-25
2024-03-25,12,leave,2024-03-25,2024-03-27,985.0,Normal,1,1,On Progress,3,2024-03-25,2024-03-28
2024-03-25,16,actually,2024-03-25,2024-03-28,2286.0,Critical,1,2,On Progress,4,2024-03-25,2024-03-28
2024-03-25,88,something,2024-03-18,2024-03-25,2412.0,Critical,6,5,Delayed,7,2024-03-18,2024-03-26
2024-03-25,102,occur,2024-03-21,2024-04-02,1112.0,Critical,4,5,On Progress,11,2024-03-21,2024-04-03
2024-03-26,3,religious,2024-03-21,2024-03-25,401.0,Critical,3,1,Completed,3,2024-03-22,2024-03-26
2024-03-26,4,star,2024-03-25,2024-03-26,765.0,Critical,1,1,Delayed,2,2024-03-26,2024-03-28
2024-03-26,12,leave,2024-03-25,2024-03-27,985.0,Normal,2,1,On Progress,3,2024-03-25,2024-03-28
2024-03-26,16,actually,2024-03-25,2024-03-28,2286.0,Critical,2,2,On Progress,4,2024-03-25,2024-03-28
2024-03-26,28,free,2024-03-26,2024-03-29,1804.0,Critical,1,2,On Progress,4,2024-03-26,2024-03-29
2024-03-26,88,something,2024-03-18,2024-03-25,2412.0,Critical,7,5,Completed,7,2024-03-18,2024-03-26
2024-03-26,89,always,2024-03-25,2024-03-27,397.0,Normal,1,5,On Progress,3,2024-03-26,2024-03-28
2024-03-26,102,occur,2024-03-21,2024-04-02,1112.0,Critical,5,5,On Progress,11,2024-03-21,2024-04-03
2024-03-27,4,star,2024-03-25,2024-03-26,765.0,Critical,1,1,Delayed,2,2024-03-26,2024-03-28
2024-03-27,12,leave,2024-03-25,2024-03-27,985.0,Critical,2,1,Delayed,3,2024-03-25,2024-03-28
2024-03-27,16,actually,2024-03-25,2024-03-28,2286.0,Critical,3,2,On Progress,4,2024-03-25,2024-03-28
2024-03-27,28,free,2024-03-26,2024-03-29,1804.0,Critical,2,2,On Progress,4,2024-03-26,2024-03-29
2024-03-27,89,always,2024-03-25,2024-03-27,397.0,Critical,2,5,Delayed,3,2024-03-26,2024-03-28
2024-03-27,102,occur,2024-03-21,2024-04-02,1112.0,Critical,6,5,On Progress,11,2024-03-21,2024-04-03
2024-03-28,4,star,2024-03-25,2024-03-26,765.0,Critical,2,1,Completed,2,2024-03-26,2024-03-28
2024-03-28,5,report,2024-03-26,2024-03-28,429.0,Critical,1,1,Delayed,3,2024-03-28,2024-04-02
2024-03-28,12,leave,2024-03-25,2024-03-27,985.0,Critical,3,1,Completed,3,2024-03-25,2024-03-28
2024-03-28,13,choice,2024-03-27,2024-04-01,694.0,Normal,1,1,On Progress,4,2024-03-28,2024-04-03
2024-03-28,16,actually,2024-03-25,2024-03-28,2286.0,Critical,4,2,Completed,4,2024-03-25,2024-03-28
2024-03-28,17,possible,2024-03-28,2024-04-01,421.0,Normal,1,2,On Progress,4,2024-03-28,2024-04-01
2024-03-28,28,free,2024-03-26,2024-03-29,1804.0,Critical,3,2,On Progress,4,2024-03-26,2024-03-29
2024-03-28,40,face,2024-03-28,2024-04-05,2136.0,Critical,1,2,On Progress,8,2024-03-28,2024-04-06
2024-03-28,89,always,2024-03-25,2024-03-27,397.0,Critical,3,5,Completed,3,2024-03-26,2024-03-28
2024-03-28,90,record,2024-03-27,2024-03-29,335.0,Normal,1,5,On Progress,3,2024-03-28,2024-03-30
2024-03-28,102,occur,2024-03-21,2024-04-02,1112.0,Critical,6,5,On Progress,11,2024-03-21,2024-04-03
2024-03-29,5,report,2024-03-26,2024-03-28,429.0,Critical,1,1,Delayed,3,2024-03-28,2024-04-02
2024-03-29,13,choice,2024-03-27,2024-04-01,694.0,Normal,2,1,On Progress,4,2024-03-28,2024-04-03
2024-03-29,17,possible,2024-03-28,2024-04-01,421.0,Normal,2,2,On Progress,4,2024-03-28,2024-04-01
2024-03-29,28,free,2024-03-26,2024-03-29,1804.0,Critical,4,2,Completed,4,2024-03-26,2024-03-29
2024-03-29,29,well,2024-03-29,2024-04-01,214.0,Normal,1,2,On Progress,3,2024-03-29,2024-04-01
2024-03-29,40,face,2024-03-28,2024-04-05,2136.0,Critical,2,2,On Progress,8,2024-03-28,2024-04-06
2024-03-29,90,record,2024-03-27,2024-03-29,335.0,Critical,2,5,Delayed,3,2024-03-28,2024-03-30
2024-03-29,102,occur,2024-03-21,2024-04-02,1112.0,Critical,7,5,On Progress,11,2024-03-21,2024-04-03
2024-03-30,17,possible,2024-03-28,2024-04-01,421.0,Normal,3,2,On Progress,4,2024-03-28,2024-04-01
2024-03-30,29,well,2024-03-29,2024-04-01,214.0,Normal,2,2,On Progress,3,2024-03-29,2024-04-01
2024-03-30,40,face,2024-03-28,2024-04-05,2136.0,Critical,3,2,On Progress,8,2024-03-28,2024-04-06
2024-03-30,90,record,2024-03-27,2024-03-29,335.0,Critical,3,5,Completed,3,2024-03-28,2024-03-30
2024-03-30,91,finally,2024-03-29,2024-04-01,939.0,Normal,1,5,On Progress,3,2024-03-30,2024-04-02
2024-03-30,102,occur,2024-03-21,2024-04-02,1112.0,Critical,8,5,On Progress,11,2024-03-21,2024-04-03
2024-04-01,5,report,2024-03-26,2024-03-28,429.0,Critical,2,1,Delayed,3,2024-03-28,2024-04-02
2024-04-01,13,choice,2024-03-27,2024-04-01,694.0,Critical,2,1,Delayed,4,2024-03-28,2024-04-03
2024-04-01,17,possible,2024-03-28,2024-04-01,421.0,Normal,4,2,Completed,4,2024-03-28,2024-04-01
2024-04-01,18,attorney,2024-04-01,2024-04-02,355.0,Normal,1,2,On Progress,2,2024-04-01,2024-04-02
2024-04-01,29,well,2024-03-29,2024-04-01,214.0,Normal,3,2,Completed,3,2024-03-29,2024-04-01
2024-04-01,30,blue,2024-04-01,2024-04-03,771.0,Normal,0,2,On Progress,3,2024-04-01,2024-04-04
2024-04-01,40,face,2024-03-28,2024-04-05,2136.0,Critical,4,2,On Progress,8,2024-03-28,2024-04-06
2024-04-01,48,no,2024-04-01,2024-04-10,1318.0,Critical,0,3,On Progress,10,2024-04-01,2024-04-12
2024-04-01,91,finally,2024-03-29,2024-04-01,939.0,Critical,2,5,Delayed,3,2024-03-30,2024-04-02
2024-04-01,102,occur,2024-03-21,2024-04-02,1112.0,Critical,9,5,On Progress,11,2024-03-21,2024-04-03
2024-04-02,5,report,2024-03-26,2024-03-28,429.0,Critical,3,1,Completed,3,2024-03-28,2024-04-02
2024-04-02,6,six,2024-03-28,2024-04-01,213.0,Critical,0,1,Delayed,3,2024-04-02,2024-04-05
2024-04-02,13,choice,2024-03-27,2024-04-01,694.0,Critical,3,1,Delayed,4,2024-03-28,2024-04-03
2024-04-02,18,attorney,2024-04-01,2024-04-02,355.0,Normal,2,2,Completed,2,2024-04-01,2024-04-02
2024-04-02,19,about,2024-04-02,2024-04-03,744.0,Normal,1,2,On Progress,2,2024-04-02,2024-04-03
2024-04-02,30,blue,2024-04-01,2024-04-03,771.0,Normal,1,2,On Progress,3,2024-04-01,2024-04-04
2024-04-02,40,face,2024-03-28,2024-04-05,2136.0,Critical,5,2,On Progress,8,2024-03-28,2024-04-06
2024-04-02,48,no,2024-04-01,2024-04-10,1318.0,Critical,0,3,On Progress,10,2024-04-01,2024-04-12
2024-04-02,91,finally,2024-03-29,2024-04-01,939.0,Critical,3,5,Completed,3,2024-03-30,2024-04-02
2024-04-02,92,television,2024-04-01,2024-04-02,227.0,Critical,1,5,Delayed,2,2024-04-02,2024-04-03
2024-04-02,102,occur,2024-03-21,2024-04-02,1112.0,Critical,10,5,Delayed,11,2024-03-21,2024-04-03
2024-04-03,6,six,2024-03-28,2024-04-01,213.0,Critical,1,1,Delayed,3,2024-04-02,2024-04-05
2024-04-03,13,choice,2024-03-27,2024-04-01,694.0,Critical,4,1,Completed,4,2024-03-28,2024-04-03
2024-04-03,14,leg,2024-04-01,2024-04-02,528.0,Critical,1,1,Delayed,2,2024-04-03,2024-04-04
2024-04-03,19,about,2024-04-02,2024-04-03,744.0,Normal,2,2,Completed,2,2024-04-02,2024-04-03
2024-04-03,20,need,2024-04-03,2024-04-05,930.0,Normal,1,2,On Progress,3,2024-04-03,2024-04-05
2024-04-03,30,blue,2024-04-01,2024-04-03,771.0,Critical,2,2,Delayed,3,2024-04-01,2024-04-04
2024-04-03,40,face,2024-03-28,2024-04-05,2136.0,Critical,6,2,On Progress,8,2024-03-28,2024-04-06
2024-04-03,48,no,2024-04-01,2024-04-10,1318.0,Critical,1,3,On Progress,10,2024-04-01,2024-04-12
2024-04-03,92,television,2024-04-01,2024-04-02,227.0,Critical,2,5,Completed,2,2024-04-02,2024-04-03
2024-04-03,93,five,2024-04-02,2024-04-04,403.0,Normal,0,5,On Progress,3,2024-04-03,2024-04-08
2024-04-03,102,occur,2024-03-21,2024-04-02,1112.0,Critical,11,5,Completed,11,2024-03-21,2024-04-03
2024-04-03,103,establish,2024-04-02,2024-04-04,702.0,Normal,1,5,On Progress,3,2024-04-03,2024-04-05
2024-04-04,6,six,2024-03-28,2024-04-01,213.0,Critical,2,1,Delayed,3,2024-04-02,2024-04-05
2024-04-04,14,leg,2024-04-01,2024-04-02,528.0,Critical,2,1,Completed,2,2024-04-03,2024-04-04
2024-04-04,15,fall,2024-04-02,2024-04-03,665.0,Critical,0,1,Delayed,2,2024-04-04,2024-04-08
2024-04-04,20,need,2024-04-03,2024-04-05,930.0,Normal,2,2,On Progress,3,2024-04-03,2024-04-05
2024-04-04,30,blue,2024-04-01,2024-04-03,771.0,Critical,3,2,Completed,3,2024-04-01,2024-04-04
2024-04-04,31,here,2024-04-03,2024-04-06,276.0,Normal,1,2,On Progress,4,2024-04-04,2024-04-08
2024-04-04,40,face,2024-03-28,2024-04-05,2136.0,Critical,7,2,On Progress,8,2024-03-28,2024-04-06
2024-04-04,48,no,2024-04-01,2024-04-10,1318.0,Critical,2,3,On Progress,10,2024-04-01,2024-04-12
2024-04-04,64,test,2024-04-04,2024-04-09,1023.0,Critical,1,3,On Progress,6,2024-04-04,2024-04-10
2024-04-04,93,five,2024-04-02,2024-04-04,403.0,Critical,0,5,Delayed,3,2024-04-03,2024-04-08
2024-04-04,103,establish,2024-04-02,2024-04-04,702.0,Critical,2,5,Delayed,3,2024-04-03,2024-04-05
2024-04-05,6,six,2024-03-28,2024-04-01,213.0,Critical,3,1,Completed,3,2024-04-02,2024-04-05
2024-04-05,7,reach,2024-04-01,2024-04-04,927.0,Critical,1,1,Delayed,4,2024-04-05,2024-04-10
2024-04-05,15,fall,2024-04-02,2024-04-03,665.0,Critical,1,1,Delayed,2,2024-04-04,2024-04-08
2024-04-05,20,need,2024-04-03,2024-04-05,930.0,Normal,3,2,Completed,3,2024-04-03,2024-04-05
2024-04-05,21,speech,2024-04-05,2024-04-06,772.0,Normal,1,2,On Progress,2,2024-04-05,2024-04-06
2024-04-05,31,here,2024-04-03,2024-04-06,276.0,Normal,2,2,On Progress,4,2024-04-04,2024-04-08
2024-04-05,40,face,2024-03-28,2024-04-05,2136.0,Critical,7,2,Delayed,8,2024-03-28,2024-04-06
2024-04-05,48,no,2024-04-01,2024-04-10,1318.0,Critical,3,3,On Progress,10,2024-04-01,2024-04-12
2024-04-05,64,test,2024-04-04,2024-04-09,1023.0,Critical,2,3,On Progress,6,2024-04-04,2024-04-10
2024-04-05,93,five,2024-04-02,2024-04-04,403.0,Critical,1,5,Delayed,3,2024-04-03,2024-04-08
2024-04-05,103,establish,2024-04-02,2024-04-04,702.0,Critical,3,5,Completed,3,2024-04-03,2024-04-05
2024-04-05,104,leader,2024-04-04,2024-04-05,407.0,Critical,1,5,Delayed,2,2024-04-05,2024-04-06
2024-04-06,21,speech,2024-04-05,2024-04-06,772.0,Normal,2,2,Completed,2,2024-04-05,2024-04-06
2024-04-06,22,interview,2024-04-06,2024-04-10,503.0,Normal,1,2,On Progress,4,2024-04-06,2024-04-10
2024-04-06,31,here,2024-04-03,2024-04-06,276.0,Critical,3,2,Delayed,4,2024-04-04,2024-04-08
2024-04-06,40,face,2024-03-28,2024-04-05,2136.0,Critical,8,2,Completed,8,2024-03-28,2024-04-06
2024-04-06,41,realize,2024-04-05,2024-04-09,741.0,Normal,1,2,On Progress,4,2024-04-06,2024-04-11
2024-04-06,48,no,2024-04-01,2024-04-10,1318.0,Critical,4,3,On Progress,10,2024-04-01,2024-04-12
2024-04-06,64,test,2024-04-04,2024-04-09,1023.0,Critical,2,3,On Progress,6,2024-04-04,2024-04-10
2024-04-06,93,five,2024-04-02,2024-04-04,403.0,Critical,2,5,Delayed,3,2024-04-03,2024-04-08
2024-04-06,104,leader,2024-04-04,2024-04-05,407.0,Critical,2,5,Completed,2,2024-04-05,2024-04-06
2024-04-06,105,interesting,2024-04-05,2024-04-09,955.0,Normal,1,5,On Progress,4,2024-04-06,2024-04-10
2024-04-07,48,no,2024-04-01,2024-04-10,1318.0,Critical,5,3,On Progress,10,2024-04-01,2024-04-12
2024-04-07,64,test,2024-04-04,2024-04-09,1023.0,Critical,3,3,On Progress,6,2024-04-04,2024-04-10
2024-04-08,7,reach,2024-04-01,2024-04-04,927.0,Critical,2,1,Delayed,4,2024-04-05,2024-04-10
2024-04-08,15,fall,2024-04-02,2024-04-03,665.0,Critical,2,1,Completed,2,2024-04-04,2024-04-08
2024-04-08,22,interview,2024-04-06,2024-04-10,503.0,Normal,2,2,On Progress,4,2024-04-06,2024-04-10
2024-04-08,31,here,2024-04-03,2024-04-06,276.0,Critical,4,2,Completed,4,2024-04-04,2024-04-08
2024-04-08,32,summer,2024-04-06,2024-04-09,815.0,Normal,1,2,On Progress,3,2024-04-08,2024-04-10
2024-04-08,41,realize,2024-04-05,2024-04-09,741.0,Normal,1,2,On Progress,4,2024-04-06,2024-04-11
2024-04-08,48,no,2024-04-01,2024-04-10,1318.0,Critical,6,3,On Progress,10,2024-04-01,2024-04-12
2024-04-08,64,test,2024-04-04,2024-04-09,1023.0,Critical,4,3,On Progress,6,2024-04-04,2024-04-10
2024-04-08,76,energy,2024-04-08,2024-04-11,2899.0,Critical,1,4,On Progress,4,2024-04-08,2024-04-11
2024-04-08,83,father,2024-04-08,2024-04-18,1752.0,Critical,1,4,On Progress,9,2024-04-08,2024-04-18
2024-04-08,93,five,2024-04-02,2024-04-04,403.0,Critical,3,5,Completed,3,2024-04-03,2024-04-08
2024-04-08,94,lay,2024-04-04,2024-04-06,728.0,Critical,1,5,Delayed,3,2024-04-08,2024-04-10
2024-04-08,105,interesting,2024-04-05,2024-04-09,955.0,Normal,2,5,On Progress,4,2024-04-06,2024-04-10
2024-04-09,7,reach,2024-04-01,2024-04-04,927.0,Critical,3,1,Delayed,4,2024-04-05,2024-04-10
2024-04-09,22,interview,2024-04-06,2024-04-10,503.0,Normal,3,2,On Progress,4,2024-04-06,2024-04-10
2024-04-09,32,summer,2024-04-06,2024-04-09,815.0,Critical,2,2,Delayed,3,2024-04-08,2024-04-10
2024-04-09,41,realize,2024-04-05,2024-04-09,741.0,Critical,2,2,Delayed,4,2024-04-06,2024-04-11
2024-04-09,48,no,2024-04-01,2024-04-10,1318.0,Critical,7,3,On Progress,10,2024-04-01,2024-04-12
2024-04-09,64,test,2024-04-04,2024-04-09,1023.0,Critical,5,3,Delayed,6,2024-04-04,2024-04-10
2024-04-09,76,energy,2024-04-08,2024-04-11,2899.0,Critical,2,4,On Progress,4,2024-04-08,2024-04-11
2024-04-09,83,father,2024-04-08,2024-04-18,1752.0,Critical,2,4,On Progress,9,2024-04-08,2024-04-18
2024-04-09,94,lay,2024-04-04,2024-04-06,728.0,Critical,2,5,Delayed,3,2024-04-08,2024-04-10
2024-04-09,105,interesting,2024-04-05,2024-04-09,955.0,Critical,3,5,Delayed,4,2024-04-06,2024-04-10
2024-04-10,7,reach,2024-04-01,2024-04-04,927.0,Critical,4,1,Completed,4,2024-04-05,2024-04-10
2024-04-10,8,many,2024-04-04,2024-04-09,938.0,Critical,1,1,Delayed,4,2024-04-10,2024-04-15
2024-04-10,22,interview,2024-04-06,2024-04-10,503.0,Normal,4,2,Completed,4,2024-04-06,2024-04-10
2024-04-10,23,thousand,2024-04-10,2024-04-12,551.0,Normal,1,2,On Progress,3,2024-04-10,2024-04-12
2024-04-10,32,summer,2024-04-06,2024-04-09,815.0,Critical,3,2,Completed,3,2024-04-08,2024-04-10
2024-04-10,33,hotel,2024-04-09,2024-04-12,269.0,Normal,1,2,On Progress,4,2024-04-10,2024-04-13
2024-04-10,41,realize,2024-04-05,2024-04-09,741.0,Critical,3,2,Delayed,4,2024-04-06,2024-04-11
2024-04-10,48,no,2024-04-01,2024-04-10,1318.0,Critical,8,3,Delayed,10,2024-04-01,2024-04-12
2024-04-10,64,test,2024-04-04,2024-04-09,1023.0,Critical,6,3,Completed,6,2024-04-04,2024-04-10
2024-04-10,65,strong,2024-04-09,2024-04-12,333.0,Normal,1,3,On Progress,4,2024-04-10,2024-04-13
2024-04-10,76,energy,2024-04-08,2024-04-11,2899.0,Critical,3,4,On Progress,4,2024-04-08,2024-04-11
2024-04-10,83,father,2024-04-08,2024-04-18,1752.0,Critical,3,4,On Progress,9,2024-04-08,2024-04-18
2024-04-10,94,lay,2024-04-04,2024-04-06,728.0,Critical,3,5,Completed,3,2024-04-08,2024-04-10
2024-04-10,95,become,2024-04-06,2024-04-10,871.0,Critical,0,5,Delayed,4,2024-04-10,2024-04-16
2024-04-10,105,interesting,2024-04-05,2024-04-09,955.0,Critical,4,5,Completed,4,2024-04-06,2024-04-10
2024-04-10,106,discussion,2024-04-09,2024-04-10,748.0,Critical,1,5,Delayed,2,2024-04-10,2024-04-11
2024-04-11,8,many,2024-04-04,2024-04-09,938.0,Critical,2,1,Delayed,4,2024-04-10,2024-04-15
2024-04-11,23,thousand,2024-04-10,2024-04-12,551.0,Normal,2,2,On Progress,3,2024-04-10,2024-04-12
2024-04-11,33,hotel,2024-04-09,2024-04-12,269.0,Normal,2,2,On Progress,4,2024-04-10,2024-04-13
2024-04-11,41,realize,2024-04-05,2024-04-09,741.0,Critical,4,2,Completed,4,2024-04-06,2024-04-11
2024-04-11,42,free,2024-04-09,2024-04-12,618.0,Normal,1,2,On Progress,4,2024-04-11,2024-04-15
2024-04-11,48,no,2024-04-01,2024-04-10,1318.0,Critical,9,3,Delayed,10,2024-04-01,2024-04-12
2024-04-11,65,strong,2024-04-09,2024-04-12,333.0,Normal,2,3,On Progress,4,2024-04-10,2024-04-13
2024-04-11,76,energy,2024-04-08,2024-04-11,2899.0,Critical,4,4,Completed,4,2024-04-08,2024-04-11
2024-04-11,77,though,2024-04-11,2024-04-16,630.0,Normal,1,4,On Progress,4,2024-04-11,2024-04-17
2024-04-11,83,father,2024-04-08,2024-04-18,1752.0,Critical,4,4,On Progress,9,2024-04-08,2024-04-18
2024-04-11,95,become,2024-04-06,2024-04-10,871.0,Critical,0,5,Delayed,4,2024-04-10,2024-04-16
2024-04-11,106,discussion,2024-04-09,2024-04-10,748.0,Critical,2,5,Completed,2,2024-04-10,2024-04-11
2024-04-11,107,great,2024-04-10,2024-04-13,825.0,Normal,0,5,On Progress,4,2024-04-11,2024-04-16
2024-04-12,8,many,2024-04-04,2024-04-09,938.0,Critical,3,1,Delayed,4,2024-04-10,2024-04-15
2024-04-12,23,thousand,2024-04-10,2024-04-12,551.0,Normal,3,2,Completed,3,2024-04-10,2024-04-12
2024-04-12,24,third,2024-04-12,2024-04-13,993.0,Normal,1,2,On Progress,2,2024-04-12,2024-04-13
2024-04-12,33,hotel,2024-04-09,2024-04-12,269.0,Critical,3,2,Delayed,4,2024-04-10,2024-04-13
2024-04-12,42,free,2024-04-09,2024-04-12,618.0,Critical,2,2,Delayed,4,2024-04-11,2024-04-15
2024-04-12,48,no,2024-04-01,2024-04-10,1318.0,Critical,10,3,Completed,10,2024-04-01,2024-04-12
2024-04-12,49,thought,2024-04-10,2024-04-13,545.0,Normal,1,3,On Progress,4,2024-04-12,2024-04-17
2024-04-12,65,strong,2024-04-09,2024-04-12,333.0,Critical,3,3,Delayed,4,2024-04-10,2024-04-13
2024-04-12,77,though,2024-04-11,2024-04-16,630.0,Normal,1,4,On Progress,4,2024-04-11,2024-04-17
2024-04-12,83,father,2024-04-08,2024-04-18,1752.0,Critical,5,4,On Progress,9,2024-04-08,2024-04-18
2024-04-12,95,become,2024-04-06,2024-04-10,871.0,Critical,1,5,Delayed,4,2024-04-10,2024-04-16
2024-04-12,107,great,2024-04-10,2024-04-13,825.0,Normal,1,5,On Progress,4,2024-04-11,2024-04-16
2024-04-13,24,third,2024-04-12,2024-04-13,993.0,Normal,2,2,Completed,2,2024-04-12,2024-04-13
2024-04-13,25,source,2024-04-13,2024-04-17,912.0,Normal,1,2,On Progress,4,2024-04-13,2024-04-17
2024-04-13,33,hotel,2024-04-09,2024-04-12,269.0,Critical,4,2,Completed,4,2024-04-10,2024-04-13
2024-04-13,34,election,2024-04-12,2024-04-16,498.0,Normal,1,2,On Progress,4,2024-04-13,2024-04-18
2024-04-13,42,free,2024-04-09,2024-04-12,618.0,Critical,3,2,Delayed,4,2024-04-11,2024-04-15
2024-04-13,49,thought,2024-04-10,2024-04-13,545.0,Critical,2,3,Delayed,4,2024-04-12,2024-04-17
2024-04-13,65,strong,2024-04-09,2024-04-12,333.0,Critical,4,3,Completed,4,2024-04-10,2024-04-13
2024-04-13,66,human,2024-04-12,2024-04-15,631.0,Normal,1,3,On Progress,4,2024-04-13,2024-04-16
2024-04-13,95,become,2024-04-06,2024-04-10,871.0,Critical,2,5,Delayed,4,2024-04-10,2024-04-16
2024-04-13,107,great,2024-04-10,2024-04-13,825.0,Critical,2,5,Delayed,4,2024-04-11,2024-04-16
2024-04-14,49,thought,2024-04-10,2024-04-13,545.0,Critical,2,3,Delayed,4,2024-04-12,2024-04-17
2024-04-14,66,human,2024-04-12,2024-04-15,631.0,Normal,2,3,On Progress,4,2024-04-13,2024-04-16
2024-04-15,8,many,2024-04-04,2024-04-09,938.0,Critical,4,1,Completed,4,2024-04-10,2024-04-15
2024-04-15,9,special,2024-04-09,2024-04-12,379.0,Critical,1,1,Delayed,4,2024-04-15,2024-04-19
2024-04-15,25,source,2024-04-13,2024-04-17,912.0,Normal,2,2,On Progress,4,2024-04-13,2024-04-17
2024-04-15,34,election,2024-04-12,2024-04-16,498.0,Normal,2,2,On Progress,4,2024-04-13,2024-04-18
2024-04-15,42,free,2024-04-09,2024-04-12,618.0,Critical,4,2,Completed,4,2024-04-11,2024-04-15
2024-04-15,43,walk,2024-04-12,2024-04-13,899.0,Critical,1,2,Delayed,2,2024-04-15,2024-04-16
2024-04-15,49,thought,2024-04-10,2024-04-13,545.0,Critical,3,3,Delayed,4,2024-04-12,2024-04-17
2024-04-15,66,human,2024-04-12,2024-04-15,631.0,Critical,3,3,Delayed,4,2024-04-13,2024-04-16
2024-04-15,77,though,2024-04-11,2024-04-16,630.0,Normal,2,4,On Progress,4,2024-04-11,2024-04-17
2024-04-15,83,father,2024-04-08,2024-04-18,1752.0,Critical,6,4,On Progress,9,2024-04-08,2024-04-18
2024-04-15,95,become,2024-04-06,2024-04-10,871.0,Critical,3,5,Delayed,4,2024-04-10,2024-04-16
2024-04-15,107,great,2024-04-10,2024-04-13,825.0,Critical,3,5,Delayed,4,2024-04-11,2024-04-16
2024-04-16,9,special,2024-04-09,2024-04-12,379.0,Critical,1,1,Delayed,4,2024-04-15,2024-04-19
2024-04-16,25,source,2024-04-13,2024-04-17,912.0,Normal,3,2,On Progress,4,2024-04-13,2024-04-17
2024-04-16,34,election,2024-04-12,2024-04-16,498.0,Critical,3,2,Delayed,4,2024-04-13,2024-04-18
2024-04-16,43,walk,2024-04-12,2024-04-13,899.0,Critical,2,2,Completed,2,2024-04-15,2024-04-16
2024-04-16,44,detail,2024-04-13,2024-04-15,855.0,Critical,1,2,Delayed,2,2024-04-16,2024-04-17
2024-04-16,49,thought,2024-04-10,2024-04-13,545.0,Critical,3,3,Delayed,4,2024-04-12,2024-04-17
2024-04-16,66,human,2024-04-12,2024-04-15,631.0,Critical,4,3,Completed,4,2024-04-13,2024-04-16
2024-04-16,67,argue,2024-04-15,2024-04-17,743.0,Normal,0,3,On Progress,3,2024-04-16,2024-04-19
2024-04-16,77,though,2024-04-11,2024-04-16,630.0,Critical,3,4,Delayed,4,2024-04-11,2024-04-17
2024-04-16,83,father,2024-04-08,2024-04-18,1752.0,Critical,7,4,On Progress,9,2024-04-08,2024-04-18
2024-04-16,95,become,2024-04-06,2024-04-10,871.0,Critical,4,5,Completed,4,2024-04-10,2024-04-16
2024-04-16,96,eat,2024-04-10,2024-04-11,563.0,Critical,1,5,Delayed,2,2024-04-16,2024-04-17
2024-04-16,107,great,2024-04-10,2024-04-13,825.0,Critical,4,5,Completed,4,2024-04-11,2024-04-16
2024-04-16,108,support,2024-04-13,2024-04-15,361.0,Critical,1,5,Delayed,2,2024-04-16,2024-04-18
2024-04-17,9,special,2024-04-09,2024-04-12,379.0,Critical,2,1,Delayed,4,2024-04-15,2024-04-19
2024-04-17,25,source,2024-04-13,2024-04-17,912.0,Normal,4,2,Completed,4,2024-04-13,2024-04-17
2024-04-17,26,since,2024-04-17,2024-04-19,786.0,Normal,1,2,On Progress,3,2024-04-17,2024-04-19
2024-04-17,34,election,2024-04-12,2024-04-16,498.0,Critical,3,2,Delayed,4,2024-04-13,2024-04-18
2024-04-17,44,detail,2024-04-13,2024-04-15,855.0,Critical,2,2,Completed,2,2024-04-16,2024-04-17
2024-04-17,45,shake,2024-04-15,2024-04-18,755.0,Normal,1,2,On Progress,4,2024-04-17,2024-04-22
2024-04-17,49,thought,2024-04-10,2024-04-13,545.0,Critical,4,3,Completed,4,2024-04-12,2024-04-17
2024-04-17,50,state,2024-04-13,2024-04-15,805.0,Critical,1,3,Delayed,3,2024-04-17,2024-04-19
2024-04-17,67,argue,2024-04-15,2024-04-17,743.0,Critical,1,3,Delayed,3,2024-04-16,2024-04-19
2024-04-17,77,though,2024-04-11,2024-04-16,630.0,Critical,4,4,Completed,4,2024-04-11,2024-04-17
2024-04-17,78,rich,2024-04-16,2024-04-18,850.0,Normal,1,4,On Progress,3,2024-04-17,2024-04-19
2024-04-17,83,father,2024-04-08,2024-04-18,1752.0,Critical,8,4,On Progress,9,2024-04-08,2024-04-18
2024-04-17,96,eat,2024-04-10,2024-04-11,563.0,Critical,2,5,Completed,2,2024-04-16,2024-04-17
2024-04-17,97,also,2024-04-11,2024-04-12,450.0,Critical,1,5,Delayed,2,2024-04-17,2024-04-18
2024-04-17,108,support,2024-04-13,2024-04-15,361.0,Critical,1,5,Delayed,2,2024-04-16,2024-04-18
2024-04-18,9,special,2024-04-09,2024-04-12,379.0,Critical,3,1,Delayed,4,2024-04-15,2024-04-19
2024-04-18,26,since,2024-04-17,2024-04-19,786.0,Normal,2,2,On Progress,3,2024-04-17,2024-04-19
2024-04-18,34,election,2024-04-12,2024-04-16,498.0,Critical,4,2,Completed,4,2024-04-13,2024-04-18
2024-04-18,35,try,2024-04-16,2024-04-17,750.0,Critical,1,2,Delayed,2,2024-04-18,2024-04-19
2024-04-18,45,shake,2024-04-15,2024-04-18,755.0,Critical,1,2,Delayed,4,2024-04-17,2024-04-22
2024-04-18,50,state,2024-04-13,2024-04-15,805.0,Critical,2,3,Delayed,3,2024-04-17,2024-04-19
2024-04-18,67,argue,2024-04-15,2024-04-17,743.0,Critical,2,3,Delayed,3,2024-04-16,2024-04-19
2024-04-18,78,rich,2024-04-16,2024-04-18,850.0,Critical,2,4,Delayed,3,2024-04-17,2024-04-19
2024-04-18,83,father,2024-04-08,2024-04-18,1752.0,Critical,9,4,Completed,9,2024-04-08,2024-04-18
2024-04-18,84,owner,2024-04-18,2024-04-19,250.0,Normal,1,4,On Progress,2,2024-04-18,2024-04-19
2024-04-18,97,also,2024-04-11,2024-04-12,450.0,Critical,2,5,Completed,2,2024-04-17,2024-04-18
2024-04-18,98,know,2024-04-12,2024-04-15,638.0,Critical,1,5,Delayed,3,2024-04-18,2024-04-20
2024-04-18,108,support,2024-04-13,2024-04-15,361.0,Critical,2,5,Completed,2,2024-04-16,2024-04-18
2024-04-18,109,among,2024-04-15,2024-04-18,816.0,Critical,1,5,Delayed,4,2024-04-18,2024-04-22
2024-04-19,9,special,2024-04-09,2024-04-12,379.0,Critical,4,1,Completed,4,2024-04-15,2024-04-19
2024-04-19,26,since,2024-04-17,2024-04-19,786.0,Normal,3,2,Completed,3,2024-04-17,2024-04-19
2024-04-19,27,now,2024-04-19,2024-04-20,872.0,Normal,1,2,On Progress,2,2024-04-19,2024-04-20
2024-04-19,35,try,2024-04-16,2024-04-17,750.0,Critical,2,2,Completed,2,2024-04-18,2024-04-19
2024-04-19,36,example,2024-04-17,2024-04-19,645.0,Critical,1,2,Delayed,3,2024-04-19,2024-04-22
2024-04-19,45,shake,2024-04-15,2024-04-18,755.0,Critical,2,2,Delayed,4,2024-04-17,2024-04-22
2024-04-19,50,state,2024-04-13,2024-04-15,805.0,Critical,3,3,Completed,3,2024-04-17,2024-04-19
2024-04-19,51,recognize,2024-04-15,2024-04-16,246.0,Critical,1,3,Delayed,2,2024-04-19,2024-04-20
2024-04-19,67,argue,2024-04-15,2024-04-17,743.0,Critical,3,3,Completed,3,2024-04-16,2024-04-19
2024-04-19,68,today,2024-04-17,2024-04-19,684.0,Critical,1,3,Delayed,3,2024-04-19,2024-04-22
2024-04-19,78,rich,2024-04-16,2024-04-18,850.0,Critical,3,4,Completed,3,2024-04-17,2024-04-19
2024-04-19,79,close,2024-04-18,2024-04-19,676.0,Critical,1,4,Delayed,2,2024-04-19,2024-04-23
2024-04-19,84,owner,2024-04-18,2024-04-19,250.0,Normal,2,4,Completed,2,2024-04-18,2024-04-19
2024-04-19,85,help,2024-04-19,2024-04-22,982.0,Normal,1,4,On Progress,2,2024-04-19,2024-04-22
2024-04-19,98,know,2024-04-12,2024-04-15,638.0,Critical,2,5,Delayed,3,2024-04-18,2024-04-20
2024-04-19,109,among,2024-04-15,2024-04-18,816.0,Critical,2,5,Delayed,4,2024-04-18,2024-04-22
2024-04-20,27,now,2024-04-19,2024-04-20,872.0,Normal,2,2,Completed,2,2024-04-19,2024-04-20
2024-04-20,36,example,2024-04-17,2024-04-19,645.0,Critical,2,2,Delayed,3,2024-04-19,2024-04-22
2024-04-20,45,shake,2024-04-15,2024-04-18,755.0,Critical,3,2,Delayed,4,2024-04-17,2024-04-22
2024-04-20,51,recognize,2024-04-15,2024-04-16,246.0,Critical,2,3,Completed,2,2024-04-19,2024-04-20
2024-04-20,52,suffer,2024-04-16,2024-04-19,470.0,Critical,1,3,Delayed,4,2024-04-20,2024-04-23
2024-04-20,68,today,2024-04-17,2024-04-19,684.0,Critical,1,3,Delayed,3,2024-04-19,2024-04-22
2024-04-20,98,know,2024-04-12,2024-04-15,638.0,Critical,3,5,Completed,3,2024-04-18,2024-04-20
2024-04-20,99,admit,2024-04-15,2024-04-17,593.0,Critical,1,5,Delayed,3,2024-04-20,2024-04-23
2024-04-20,109,among,2024-04-15,2024-04-18,816.0,Critical,3,5,Delayed,4,2024-04-18,2024-04-22
2024-04-21,52,suffer,2024-04-16,2024-04-19,470.0,Critical,2,3,Delayed,4,2024-04-20,2024-04-23
2024-04-21,68,today,2024-04-17,2024-04-19,684.0,Critical,2,3,Delayed,3,2024-04-19,2024-04-22
2024-04-22,36,example,2024-04-17,2024-04-19,645.0,Critical,3,2,Completed,3,2024-04-19,2024-04-22
2024-04-22,37,lay,2024-04-19,2024-04-22,317.0,Critical,1,2,Delayed,3,2024-04-22,2024-04-24
2024-04-22,45,shake,2024-04-15,2024-04-18,755.0,Critical,4,2,Completed,4,2024-04-17,2024-04-22
2024-04-22,46,sister,2024-04-18,2024-04-20,863.0,Critical,1,2,Delayed,3,2024-04-22,2024-04-24
2024-04-22,52,suffer,2024-04-16,2024-04-19,470.0,Critical,3,3,Delayed,4,2024-04-20,2024-04-23
2024-04-22,68,today,2024-04-17,2024-04-19,684.0,Critical,3,3,Completed,3,2024-04-19,2024-04-22
2024-04-22,69,student,2024-04-19,2024-04-20,385.0,Critical,1,3,Delayed,2,2024-04-22,2024-04-23
2024-04-22,79,close,2024-04-18,2024-04-19,676.0,Critical,1,4,Delayed,2,2024-04-19,2024-04-23
2024-04-22,85,help,2024-04-19,2024-04-22,982.0,Normal,2,4,Completed,2,2024-04-19,2024-04-22
2024-04-22,86,Mr,2024-04-22,2024-04-25,656.0,Normal,1,4,On Progress,4,2024-04-22,2024-04-25
2024-04-22,99,admit,2024-04-15,2024-04-17,593.0,Critical,2,5,Delayed,3,2024-04-20,2024-04-23
2024-04-22,109,among,2024-04-15,2024-04-18,816.0,Critical,4,5,Completed,4,2024-04-18,2024-04-22
2024-04-22,110,art,2024-04-18,2024-04-19,927.0,Critical,1,5,Delayed,2,2024-04-22,2024-04-23
2024-04-22,113,music,2024-04-22,2024-04-25,1690.0,Critical,0,6,On Progress,4,2024-04-22,2024-04-26
2024-04-23,37,lay,2024-04-19,2024-04-22,317.0,Critical,2,2,Delayed,3,2024-04-22,2024-04-24
2024-04-23,46,sister,2024-04-18,2024-04-20,863.0,Critical,2,2,Delayed,3,2024-04-22,2024-04-24
2024-04-23,52,suffer,2024-04-16,2024-04-19,470.0,Critical,4,3,Completed,4,2024-04-20,2024-04-23
2024-04-23,53,I,2024-04-19,2024-04-22,575.0,Critical,1,3,Delayed,4,2024-04-23,2024-04-26
2024-04-23,69,student,2024-04-19,2024-04-20,385.0,Critical,2,3,Completed,2,2024-04-22,2024-04-23
2024-04-23,70,ok,2024-04-20,2024-04-23,998.0,Critical,0,3,Delayed,4,2024-04-23,2024-04-28
2024-04-23,79,close,2024-04-18,2024-04-19,676.0,Critical,2,4,Completed,2,2024-04-19,2024-04-23
2024-04-23,80,off,2024-04-19,2024-04-24,409.0,Normal,1,4,On Progress,4,2024-04-23,2024-04-26
2024-04-23,86,Mr,2024-04-22,2024-04-25,656.0,Normal,2,4,On Progress,4,2024-04-22,2024-04-25
2024-04-23,99,admit,2024-04-15,2024-04-17,593.0,Critical,3,5,Completed,3,2024-04-20,2024-04-23
2024-04-23,100,conference,2024-04-17,2024-04-18,994.0,Critical,0,5,Delayed,2,2024-04-23,2024-04-25
2024-04-23,110,art,2024-04-18,2024-04-19,927.0,Critical,2,5,Completed,2,2024-04-22,2024-04-23
2024-04-23,111,fine,2024-04-19,2024-04-23,868.0,Critical,0,5,Delayed,4,2024-04-23,2024-04-27
2024-04-23,113,music,2024-04-22,2024-04-25,1690.0,Critical,1,6,On Progress,4,2024-04-22,2024-04-26
2024-04-23,131,Mr,2024-04-23,2024-05-04,1658.0,Critical,1,6,On Progress,12,2024-04-23,2024-05-04
2024-04-24,37,lay,2024-04-19,2024-04-22,317.0,Critical,3,2,Completed,3,2024-04-22,2024-04-24
2024-04-24,38,keep,2024-04-22,2024-04-24,463.0,Critical,1,2,Delayed,3,2024-04-24,2024-04-26
2024-04-24,46,sister,2024-04-18,2024-04-20,863.0,Critical,3,2,Completed,3,2024-04-22,2024-04-24
2024-04-24,47,movement,2024-04-20,2024-04-22,669.0,Critical,1,2,Delayed,2,2024-04-24,2024-04-25
2024-04-24,53,I,2024-04-19,2024-04-22,575.0,Critical,2,3,Delayed,4,2024-04-23,2024-04-26
2024-04-24,70,ok,2024-04-20,2024-04-23,998.0,Critical,1,3,Delayed,4,2024-04-23,2024-04-28
2024-04-24,80,off,2024-04-19,2024-04-24,409.0,Critical,2,4,Delayed,4,2024-04-23,2024-04-26
2024-04-24,86,Mr,2024-04-22,2024-04-25,656.0,Normal,3,4,On Progress,4,2024-04-22,2024-04-25
2024-04-24,100,conference,2024-04-17,2024-04-18,994.0,Critical,1,5,Delayed,2,2024-04-23,2024-04-25
2024-04-24,111,fine,2024-04-19,2024-04-23,868.0,Critical,1,5,Delayed,4,2024-04-23,2024-04-27
2024-04-24,113,music,2024-04-22,2024-04-25,1690.0,Critical,2,6,On Progress,4,2024-04-22,2024-04-26
2024-04-24,131,Mr,2024-04-23,2024-05-04,1658.0,Critical,2,6,On Progress,12,2024-04-23,2024-05-04
2024-04-25,38,keep,2024-04-22,2024-04-24,463.0,Critical,2,2,Delayed,3,2024-04-24,2024-04-26
2024-04-25,47,movement,2024-04-20,2024-04-22,669.0,Critical,2,2,Completed,2,2024-04-24,2024-04-25
2024-04-25,53,I,2024-04-19,2024-04-22,575.0,Critical,3,3,Delayed,4,2024-04-23,2024-04-26
2024-04-25,70,ok,2024-04-20,2024-04-23,998.0,Critical,1,3,Delayed,4,2024-04-23,2024-04-28
2024-04-25,80,off,2024-04-19,2024-04-24,409.0,Critical,3,4,Delayed,4,2024-04-23,2024-04-26
2024-04-25,86,Mr,2024-04-22,2024-04-25,656.0,Normal,4,4,Completed,4,2024-04-22,2024-04-25
2024-04-25,87,health,2024-04-25,2024-04-30,608.0,Normal,1,4,On Progress,4,2024-04-25,2024-05-01
2024-04-25,100,conference,2024-04-17,2024-04-18,994.0,Critical,2,5,Completed,2,2024-04-23,2024-04-25
2024-04-25,101,option,2024-04-18,2024-04-20,823.0,Critical,1,5,Delayed,3,2024-04-25,2024-04-27
2024-04-25,111,fine,2024-04-19,2024-04-23,868.0,Critical,2,5,Delayed,4,2024-04-23,2024-04-27
2024-04-25,113,music,2024-04-22,2024-04-25,1690.0,Critical,3,6,Delayed,4,2024-04-22,2024-04-26
2024-04-25,131,Mr,2024-04-23,2024-05-04,1658.0,Critical,3,6,On Progress,12,2024-04-23,2024-05-04
2024-04-25,149,teacher,2024-04-25,2024-04-28,2779.0,Critical,1,6,On Progress,4,2024-04-25,2024-04-28
2024-04-26,38,keep,2024-04-22,2024-04-24,463.0,Critical,3,2,Completed,3,2024-04-24,2024-04-26
2024-04-26,39,identify,2024-04-24,2024-04-25,349.0,Critical,1,2,Delayed,2,2024-04-26,2024-04-27
2024-04-26,53,I,2024-04-19,2024-04-22,575.0,Critical,4,3,Completed,4,2024-04-23,2024-04-26
2024-04-26,54,provide,2024-04-22,2024-04-25,733.0,Critical,1,3,Delayed,4,2024-04-26,2024-04-29
2024-04-26,70,ok,2024-04-20,2024-04-23,998.0,Critical,2,3,Delayed,4,2024-04-23,2024-04-28
2024-04-26,80,off,2024-04-19,2024-04-24,409.0,Critical,4,4,Completed,4,2024-04-23,2024-04-26
2024-04-26,81,newspaper,2024-04-24,2024-04-26,480.0,Critical,1,4,Delayed,3,2024-04-26,2024-04-30
2024-04-26,87,health,2024-04-25,2024-04-30,608.0,Normal,2,4,On Progress,4,2024-04-25,2024-05-01
2024-04-26,101,option,2024-04-18,2024-04-20,823.0,Critical,2,5,Delayed,3,2024-04-25,2024-04-27
2024-04-26,111,fine,2024-04-19,2024-04-23,868.0,Critical,3,5,Delayed,4,2024-04-23,2024-04-27
2024-04-26,113,music,2024-04-22,2024-04-25,1690.0,Critical,4,6,Completed,4,2024-04-22,2024-04-26
2024-04-26,114,defense,2024-04-25,2024-04-28,528.0,Normal,1,6,On Progress,4,2024-04-26,2024-04-29
2024-04-26,131,Mr,2024-04-23,2024-05-04,1658.0,Critical,4,6,On Progress,12,2024-04-23,2024-05-04
2024-04-26,149,teacher,2024-04-25,2024-04-28,2779.0,Critical,2,6,On Progress,4,2024-04-25,2024-04-28
2024-04-27,39,identify,2024-04-24,2024-04-25,349.0,Critical,2,2,Completed,2,2024-04-26,2024-04-27
2024-04-27,54,provide,2024-04-22,2024-04-25,733.0,Critical,2,3,Delayed,4,2024-04-26,2024-04-29
2024-04-27,70,ok,2024-04-20,2024-04-23,998.0,Critical,3,3,Delayed,4,2024-04-23,2024-04-28
2024-04-27,101,option,2024-04-18,2024-04-20,823.0,Critical,3,5,Completed,3,2024-04-25,2024-04-27
2024-04-27,111,fine,2024-04-19,2024-04-23,868.0,Critical,4,5,Completed,4,2024-04-23,2024-04-27
2024-04-27,112,could,2024-04-23,2024-04-25,622.0,Critical,1,5,Delayed,3,2024-04-27,2024-04-30
2024-04-27,114,defense,2024-04-25,2024-04-28,528.0,Normal,2,6,On Progress,4,2024-04-26,2024-04-29
2024-04-27,131,Mr,2024-04-23,2024-05-04,1658.0,Critical,5,6,On Progress,12,2024-04-23,2024-05-04
2024-04-27,149,teacher,2024-04-25,2024-04-28,2779.0,Critical,3,6,On Progress,4,2024-04-25,2024-04-28
2024-04-28,54,provide,2024-04-22,2024-04-25,733.0,Critical,3,3,Delayed,4,2024-04-26,2024-04-29
2024-04-28,70,ok,2024-04-20,2024-04-23,998.0,Critical,4,3,Completed,4,2024-04-23,2024-04-28
2024-04-28,71,across,2024-04-23,2024-04-24,333.0,Critical,1,3,Delayed,2,2024-04-28,2024-04-29
2024-04-28,114,defense,2024-04-25,2024-04-28,528.0,Critical,3,6,Delayed,4,2024-04-26,2024-04-29
2024-04-28,131,Mr,2024-04-23,2024-05-04,1658.0,Critical,6,6,On Progress,12,2024-04-23,2024-05-04
2024-04-28,149,teacher,2024-04-25,2024-04-28,2779.0,Critical,4,6,Completed,4,2024-04-25,2024-04-28
2024-04-28,150,purpose,2024-04-28,2024-04-29,231.0,Normal,1,6,On Progress,2,2024-04-28,2024-04-29
2024-04-29,54,provide,2024-04-22,2024-04-25,733.0,Critical,4,3,Completed,4,2024-04-26,2024-04-29
2024-04-29,55,put,2024-04-25,2024-04-28,574.0,Critical,1,3,Delayed,4,2024-04-29,2024-05-02
2024-04-29,71,across,2024-04-23,2024-04-24,333.0,Critical,2,3,Completed,2,2024-04-28,2024-04-29
2024-04-29,72,wonder,2024-04-24,2024-04-25,765.0,Critical,1,3,Delayed,2,2024-04-29,2024-04-30
2024-04-29,81,newspaper,2024-04-24,2024-04-26,480.0,Critical,2,4,Delayed,3,2024-04-26,2024-04-30
2024-04-29,87,health,2024-04-25,2024-04-30,608.0,Normal,3,4,On Progress,4,2024-04-25,2024-05-01
2024-04-29,112,could,2024-04-23,2024-04-25,622.0,Critical,2,5,Delayed,3,2024-04-27,2024-04-30
2024-04-29,114,defense,2024-04-25,2024-04-28,528.0,Critical,4,6,Completed,4,2024-04-26,2024-04-29
2024-04-29,115,respond,2024-04-28,2024-05-01,575.0,Normal,1,6,On Progress,4,2024-04-29,2024-05-02
2024-04-29,131,Mr,2024-04-23,2024-05-04,1658.0,Critical,7,6,On Progress,12,2024-04-23,2024-05-04
2024-04-29,150,purpose,2024-04-28,2024-04-29,231.0,Normal,2,6,Completed,2,2024-04-28,2024-04-29
2024-04-29,151,small,2024-04-29,2024-05-02,539.0,Normal,0,6,On Progress,4,2024-04-29,2024-05-03
2024-04-29,155,quality,2024-04-29,2024-05-02,1177.0,Critical,1,7,On Progress,4,2024-04-29,2024-05-02
2024-04-30,55,put,2024-04-25,2024-04-28,574.0,Critical,2,3,Delayed,4,2024-04-29,2024-05-02
2024-04-30,72,wonder,2024-04-24,2024-04-25,765.0,Critical,2,3,Completed,2,2024-04-29,2024-04-30
2024-04-30,73,have,2024-04-25,2024-04-27,207.0,Critical,1,3,Delayed,3,2024-04-30,2024-05-02
2024-04-30,81,newspaper,2024-04-24,2024-04-26,480.0,Critical,3,4,Completed,3,2024-04-26,2024-04-30
2024-04-30,82,yard,2024-04-26,2024-05-01,884.0,Normal,1,4,On Progress,4,2024-04-30,2024-05-03
2024-04-30,87,health,2024-04-25,2024-04-30,608.0,Critical,3,4,Delayed,4,2024-04-25,2024-05-01
2024-04-30,112,could,2024-04-23,2024-04-25,622.0,Critical,3,5,Completed,3,2024-04-27,2024-04-30
2024-04-30,115,respond,2024-04-28,2024-05-01,575.0,Normal,2,6,On Progress,4,2024-04-29,2024-05-02
2024-04-30,131,Mr,2024-04-23,2024-05-04,1658.0,Critical,8,6,On Progress,12,2024-04-23,2024-05-04
2024-04-30,151,small,2024-04-29,2024-05-02,539.0,Normal,1,6,On Progress,4,2024-04-29,2024-05-03
2024-04-30,155,quality,2024-04-29,2024-05-02,1177.0,Critical,2,7,On Progress,4,2024-04-29,2024-05-02
2024-04-30,163,report,2024-04-30,2024-05-09,2979.0,Critical,0,7,On Progress,9,2024-04-30,2024-05-10
2024-05-01,55,put,2024-04-25,2024-04-28,574.0,Critical,3,3,Delayed,4,2024-04-29,2024-05-02
2024-05-01,73,have,2024-04-25,2024-04-27,207.0,Critical,2,3,Delayed,3,2024-04-30,2024-05-02
2024-05-01,82,yard,2024-04-26,2024-05-01,884.0,Critical,2,4,Delayed,4,2024-04-30,2024-05-03
2024-05-01,87,health,2024-04-25,2024-04-30,608.0,Critical,4,4,Completed,4,2024-04-25,2024-05-01
2024-05-01,115,respond,2024-04-28,2024-05-01,575.0,Critical,3,6,Delayed,4,2024-04-29,2024-05-02
2024-05-01,131,Mr,2024-04-23,2024-05-04,1658.0,Critical,9,6,On Progress,12,2024-04-23,2024-05-04
2024-05-01,151,small,2024-04-29,2024-05-02,539.0,Normal,2,6,On Progress,4,2024-04-29,2024-05-03
2024-05-01,155,quality,2024-04-29,2024-05-02,1177.0,Critical,3,7,On Progress,4,2024-04-29,2024-05-02
2024-05-01,163,report,2024-04-30,2024-05-09,2979.0,Critical,1,7,On Progress,9,2024-04-30,2024-05-10
2024-05-02,55,put,2024-04-25,2024-04-28,574.0,Critical,4,3,Completed,4,2024-04-29,2024-05-02
2024-05-02,56,floor,2024-04-28,2024-04-29,658.0,Critical,1,3,Delayed,2,2024-05-02,2024-05-03
2024-05-02,73,have,2024-04-25,2024-04-27,207.0,Critical,3,3,Completed,3,2024-04-30,2024-05-02
2024-05-02,74,machine,2024-04-27,2024-04-30,812.0,Critical,0,3,Delayed,4,2024-05-02,2024-05-06
2024-05-02,82,yard,2024-04-26,2024-05-01,884.0,Critical,3,4,Delayed,4,2024-04-30,2024-05-03
2024-05-02,115,respond,2024-04-28,2024-05-01,575.0,Critical,4,6,Completed,4,2024-04-29,2024-05-02
2024-05-02,116,activity,2024-05-01,2024-05-03,719.0,Normal,1,6,On Progress,3,2024-05-02,2024-05-04
2024-05-02,131,Mr,2024-04-23,2024-05-04,1658.0,Critical,10,6,On Progress,12,2024-04-23,2024-05-04
2024-05-02,151,small,2024-04-29,2024-05-02,539.0,Critical,3,6,Delayed,4,2024-04-29,2024-05-03
2024-05-02,155,quality,2024-04-29,2024-05-02,1177.0,Critical,4,7,Completed,4,2024-04-29,2024-05-02
2024-05-02,156,laugh,2024-05-02,2024-05-03,386.0,Normal,1,7,On Progress,2,2024-05-02,2024-05-03
2024-05-02,163,report,2024-04-30,2024-05-09,2979.0,Critical,2,7,On Progress,9,2024-04-30,2024-05-10
2024-05-03,56,floor,2024-04-28,2024-04-29,658.0,Critical,2,3,Completed,2,2024-05-02,2024-05-03
2024-05-03,57,senior,2024-04-29,2024-05-02,860.0,Critical,1,3,Delayed,4,2024-05-03,2024-05-06
2024-05-03,74,machine,2024-04-27,2024-04-30,812.0,Critical,1,3,Delayed,4,2024-05-02,2024-05-06
2024-05-03,82,yard,2024-04-26,2024-05-01,884.0,Critical,4,4,Completed,4,2024-04-30,2024-05-03
2024-05-03,116,activity,2024-05-01,2024-05-03,719.0,Critical,2,6,Delayed,3,2024-05-02,2024-05-04
2024-05-03,131,Mr,2024-04-23,2024-05-04,1658.0,Critical,11,6,On Progress,12,2024-04-23,2024-05-04
2024-05-03,151,small,2024-04-29,2024-05-02,539.0,Critical,4,6,Completed,4,2024-04-29,2024-05-03
2024-05-03,152,whose,2024-05-02,2024-05-04,911.0,Normal,1,6,On Progress,3,2024-05-03,2024-05-05
2024-05-03,156,laugh,2024-05-02,2024-05-03,386.0,Normal,2,7,Completed,2,2024-05-02,2024-05-03
2024-05-03,157,left,2024-05-03,2024-05-06,921.0,Normal,1,7,On Progress,3,2024-05-03,2024-05-06
2024-05-03,163,report,2024-04-30,2024-05-09,2979.0,Critical,3,7,On Progress,9,2024-04-30,2024-05-10
2024-05-04,57,senior,2024-04-29,2024-05-02,860.0,Critical,2,3,Delayed,4,2024-05-03,2024-05-06
2024-05-04,74,machine,2024-04-27,2024-04-30,812.0,Critical,2,3,Delayed,4,2024-05-02,2024-05-06
2024-05-04,116,activity,2024-05-01,2024-05-03,719.0,Critical,3,6,Completed,3,2024-05-02,2024-05-04
2024-05-04,117,politics,2024-05-03,2024-05-04,888.0,Critical,1,6,Delayed,2,2024-05-04,2024-05-05
2024-05-04,131,Mr,2024-04-23,2024-05-04,1658.0,Critical,12,6,Completed,12,2024-04-23,2024-05-04
2024-05-04,132,gun,2024-05-04,2024-05-07,715.0,Normal,1,6,On Progress,4,2024-05-04,2024-05-08
2024-05-04,152,whose,2024-05-02,2024-05-04,911.0,Critical,2,6,Delayed,3,2024-05-03,2024-05-05
2024-05-04,157,left,2024-05-03,2024-05-06,921.0,Normal,2,7,On Progress,3,2024-05-03,2024-05-06
2024-05-04,163,report,2024-04-30,2024-05-09,2979.0,Critical,4,7,On Progress,9,2024-04-30,2024-05-10
2024-05-05,57,senior,2024-04-29,2024-05-02,860.0,Critical,3,3,Delayed,4,2024-05-03,2024-05-06
2024-05-05,74,machine,2024-04-27,2024-04-30,812.0,Critical,3,3,Delayed,4,2024-05-02,2024-05-06
2024-05-05,117,politics,2024-05-03,2024-05-04,888.0,Critical,2,6,Completed,2,2024-05-04,2024-05-05
2024-05-05,118,mind,2024-05-04,2024-05-07,215.0,Normal,1,6,On Progress,4,2024-05-05,2024-05-08
2024-05-05,132,gun,2024-05-04,2024-05-07,715.0,Normal,1,6,On Progress,4,2024-05-04,2024-05-08
2024-05-05,152,whose,2024-05-02,2024-05-04,911.0,Critical,3,6,Completed,3,2024-05-03,2024-05-05
2024-05-05,153,eat,2024-05-04,2024-05-07,378.0,Normal,1,6,On Progress,4,2024-05-05,2024-05-08
2024-05-06,57,senior,2024-04-29,2024-05-02,860.0,Critical,4,3,Completed,4,2024-05-03,2024-05-06
2024-05-06,58,bill,2024-05-02,2024-05-04,344.0,Critical,1,3,Delayed,3,2024-05-06,2024-05-08
2024-05-06,74,machine,2024-04-27,2024-04-30,812.0,Critical,4,3,Completed,4,2024-05-02,2024-05-06
2024-05-06,75,end,2024-04-30,2024-05-02,873.0,Critical,1,3,Delayed,3,2024-05-06,2024-05-08
2024-05-06,118,mind,2024-05-04,2024-05-07,215.0,Normal,2,6,On Progress,4,2024-05-05,2024-05-08
2024-05-06,132,gun,2024-05-04,2024-05-07,715.0,Normal,2,6,On Progress,4,2024-05-04,2024-05-08
2024-05-06,153,eat,2024-05-04,2024-05-07,378.0,Normal,2,6,On Progress,4,2024-05-05,2024-05-08
2024-05-06,157,left,2024-05-03,2024-05-06,921.0,Normal,3,7,Completed,3,2024-05-03,2024-05-06
2024-05-06,158,the,2024-05-06,2024-05-08,953.0,Normal,1,7,On Progress,3,2024-05-06,2024-05-08
2024-05-06,163,report,2024-04-30,2024-05-09,2979.0,Critical,5,7,On Progress,9,2024-04-30,2024-05-10
2024-05-06,171,around,2024-05-06,2024-05-13,1121.0,Critical,1,8,On Progress,6,2024-05-06,2024-05-13
2024-05-06,183,maybe,2024-05-06,2024-05-21,1583.0,Critical,1,8,On Progress,12,2024-05-06,2024-05-22
2024-05-07,58,bill,2024-05-02,2024-05-04,344.0,Critical,2,3,Delayed,3,2024-05-06,2024-05-08
2024-05-07,75,end,2024-04-30,2024-05-02,873.0,Critical,2,3,Delayed,3,2024-05-06,2024-05-08
2024-05-07,118,mind,2024-05-04,2024-05-07,215.0,Critical,3,6,Delayed,4,2024-05-05,2024-05-08
2024-05-07,132,gun,2024-05-04,2024-05-07,715.0,Critical,3,6,Delayed,4,2024-05-04,2024-05-08
2024-05-07,153,eat,2024-05-04,2024-05-07,378.0,Critical,3,6,Delayed,4,2024-05-05,2024-05-08
2024-05-07,158,the,2024-05-06,2024-05-08,953.0,Normal,2,7,On Progress,3,2024-05-06,2024-05-08
2024-05-07,163,report,2024-04-30,2024-05-09,2979.0,Critical,6,7,On Progress,9,2024-04-30,2024-05-10
2024-05-07,171,around,2024-05-06,2024-05-13,1121.0,Critical,2,8,On Progress,6,2024-05-06,2024-05-13
2024-05-07,183,maybe,2024-05-06,2024-05-21,1583.0,Critical,2,8,On Progress,12,2024-05-06,2024-05-22
2024-05-08,58,bill,2024-05-02,2024-05-04,344.0,Critical,3,3,Completed,3,2024-05-06,2024-05-08
2024-05-08,59,soldier,2024-05-04,2024-05-06,290.0,Critical,1,3,Delayed,3,2024-05-08,2024-05-10
2024-05-08,75,end,2024-04-30,2024-05-02,873.0,Critical,3,3,Completed,3,2024-05-06,2024-05-08
2024-05-08,118,mind,2024-05-04,2024-05-07,215.0,Critical,4,6,Completed,4,2024-05-05,2024-05-08
2024-05-08,119,history,2024-05-07,2024-05-09,788.0,Normal,1,6,On Progress,3,2024-05-08,2024-05-10
2024-05-08,132,gun,2024-05-04,2024-05-07,715.0,Critical,4,6,Completed,4,2024-05-04,2024-05-08
2024-05-08,133,again,2024-05-07,2024-05-10,399.0,Normal,1,6,On Progress,4,2024-05-08,2024-05-11
2024-05-08,153,eat,2024-05-04,2024-05-07,378.0,Critical,4,6,Completed,4,2024-05-05,2024-05-08
2024-05-08,154,but,2024-05-07,2024-05-10,670.0,Normal,0,6,On Progress,4,2024-05-08,2024-05-13
2024-05-08,158,the,2024-05-06,2024-05-08,953.0,Normal,3,7,Completed,3,2024-05-06,2024-05-08
2024-05-08,159,us,2024-05-08,2024-05-10,461.0,Normal,1,7,On Progress,3,2024-05-08,2024-05-10
2024-05-08,163,report,2024-04-30,2024-05-09,2979.0,Critical,7,7,On Progress,9,2024-04-30,2024-05-10
2024-05-08,171,around,2024-05-06,2024-05-13,1121.0,Critical,3,8,On Progress,6,2024-05-06,2024-05-13
2024-05-08,183,maybe,2024-05-06,2024-05-21,1583.0,Critical,3,8,On Progress,12,2024-05-06,2024-05-22
2024-05-09,59,soldier,2024-05-04,2024-05-06,290.0,Critical,2,3,Delayed,3,2024-05-08,2024-05-10
2024-05-09,119,history,2024-05-07,2024-05-09,788.0,Critical,2,6,Delayed,3,2024-05-08,2024-05-10
2024-05-09,133,again,2024-05-07,2024-05-10,399.0,Normal,2,6,On Progress,4,2024-05-08,2024-05-11
2024-05-09,154,but,2024-05-07,2024-05-10,670.0,Normal,1,6,On Progress,4,2024-05-08,2024-05-13
2024-05-09,159,us,2024-05-08,2024-05-10,461.0,Normal,2,7,On Progress,3,2024-05-08,2024-05-10
2024-05-09,163,report,2024-04-30,2024-05-09,2979.0,Critical,8,7,Delayed,9,2024-04-30,2024-05-10
2024-05-09,171,around,2024-05-06,2024-05-13,1121.0,Critical,4,8,On Progress,6,2024-05-06,2024-05-13
2024-05-09,183,maybe,2024-05-06,2024-05-21,1583.0,Critical,4,8,On Progress,12,2024-05-06,2024-05-22
2024-05-10,59,soldier,2024-05-04,2024-05-06,290.0,Critical,3,3,Completed,3,2024-05-08,2024-05-10
2024-05-10,60,western,2024-05-06,2024-05-07,470.0,Critical,1,3,Delayed,2,2024-05-10,2024-05-11
2024-05-10,119,history,2024-05-07,2024-05-09,788.0,Critical,3,6,Completed,3,2024-05-08,2024-05-10
2024-05-10,120,stop,2024-05-09,2024-05-11,603.0,Normal,1,6,On Progress,3,2024-05-10,2024-05-12
2024-05-10,133,again,2024-05-07,2024-05-10,399.0,Critical,3,6,Delayed,4,2024-05-08,2024-05-11
2024-05-10,154,but,2024-05-07,2024-05-10,670.0,Critical,1,6,Delayed,4,2024-05-08,2024-05-13
2024-05-10,159,us,2024-05-08,2024-05-10,461.0,Normal,3,7,Completed,3,2024-05-08,2024-05-10
2024-05-10,160,new,2024-05-10,2024-05-11,331.0,Normal,1,7,On Progress,2,2024-05-10,2024-05-11
2024-05-10,163,report,2024-04-30,2024-05-09,2979.0,Critical,9,7,Completed,9,2024-04-30,2024-05-10
2024-05-10,164,nothing,2024-05-09,2024-05-13,634.0,Normal,1,7,On Progress,4,2024-05-10,2024-05-15
2024-05-10,171,around,2024-05-06,2024-05-13,1121.0,Critical,5,8,On Progress,6,2024-05-06,2024-05-13
2024-05-10,183,maybe,2024-05-06,2024-05-21,1583.0,Critical,5,8,On Progress,12,2024-05-06,2024-05-22
2024-05-11,60,western,2024-05-06,2024-05-07,470.0,Critical,2,3,Completed,2,2024-05-10,2024-05-11
2024-05-11,61,indeed,2024-05-07,2024-05-08,899.0,Critical,1,3,Delayed,2,2024-05-11,2024-05-12
2024-05-11,120,stop,2024-05-09,2024-05-11,603.0,Critical,2,6,Delayed,3,2024-05-10,2024-05-12
2024-05-11,133,again,2024-05-07,2024-05-10,399.0,Critical,4,6,Completed,4,2024-05-08,2024-05-11
2024-05-11,134,light,2024-05-10,2024-05-11,492.0,Critical,1,6,Delayed,2,2024-05-11,2024-05-12
2024-05-11,154,but,2024-05-07,2024-05-10,670.0,Critical,2,6,Delayed,4,2024-05-08,2024-05-13
2024-05-11,160,new,2024-05-10,2024-05-11,331.0,Normal,2,7,Completed,2,2024-05-10,2024-05-11
2024-05-11,161,watch,2024-05-11,2024-05-15,889.0,Normal,0,7,On Progress,4,2024-05-11,2024-05-16
2024-05-11,164,nothing,2024-05-09,2024-05-13,634.0,Normal,2,7,On Progress,4,2024-05-10,2024-05-15
2024-05-12,61,indeed,2024-05-07,2024-05-08,899.0,Critical,2,3,Completed,2,2024-05-11,2024-05-12
2024-05-12,62,international,2024-05-08,2024-05-09,555.0,Critical,1,3,Delayed,2,2024-05-12,2024-05-13
2024-05-12,120,stop,2024-05-09,2024-05-11,603.0,Critical,3,6,Completed,3,2024-05-10,2024-05-12
2024-05-12,121,head,2024-05-11,2024-05-14,877.0,Normal,0,6,On Progress,4,2024-05-12,2024-05-17
2024-05-12,134,light,2024-05-10,2024-05-11,492.0,Critical,2,6,Completed,2,2024-05-11,2024-05-12
2024-05-12,135,back,2024-05-11,2024-05-12,537.0,Critical,1,6,Delayed,2,2024-05-12,2024-05-13
2024-05-12,154,but,2024-05-07,2024-05-10,670.0,Critical,3,6,Delayed,4,2024-05-08,2024-05-13
2024-05-13,62,international,2024-05-08,2024-05-09,555.0,Critical,2,3,Completed,2,2024-05-12,2024-05-13
2024-05-13,63,cell,2024-05-09,2024-05-12,875.0,Critical,1,3,Delayed,4,2024-05-13,2024-05-17
2024-05-13,121,head,2024-05-11,2024-05-14,877.0,Normal,1,6,On Progress,4,2024-05-12,2024-05-17
2024-05-13,135,back,2024-05-11,2024-05-12,537.0,Critical,2,6,Completed,2,2024-05-12,2024-05-13
2024-05-13,136,adult,2024-05-12,2024-05-14,608.0,Normal,1,6,On Progress,3,2024-05-13,2024-05-15
2024-05-13,154,but,2024-05-07,2024-05-10,670.0,Critical,4,6,Completed,4,2024-05-08,2024-05-13
2024-05-13,161,watch,2024-05-11,2024-05-15,889.0,Normal,1,7,On Progress,4,2024-05-11,2024-05-16
2024-05-13,164,nothing,2024-05-09,2024-05-13,634.0,Critical,2,7,Delayed,4,2024-05-10,2024-05-15
2024-05-13,171,around,2024-05-06,2024-05-13,1121.0,Critical,6,8,Completed,6,2024-05-06,2024-05-13
2024-05-13,172,article,2024-05-13,2024-05-15,305.0,Normal,1,8,On Progress,3,2024-05-13,2024-05-15
2024-05-13,183,maybe,2024-05-06,2024-05-21,1583.0,Critical,6,8,On Progress,12,2024-05-06,2024-05-22
2024-05-13,188,inside,2024-05-13,2024-05-25,2118.0,Critical,1,9,On Progress,12,2024-05-13,2024-05-25
2024-05-13,214,away,2024-05-13,2024-05-20,1354.0,Critical,1,9,On Progress,7,2024-05-13,2024-05-20
2024-05-14,63,cell,2024-05-09,2024-05-12,875.0,Critical,1,3,Delayed,4,2024-05-13,2024-05-17
2024-05-14,121,head,2024-05-11,2024-05-14,877.0,Critical,2,6,Delayed,4,2024-05-12,2024-05-17
2024-05-14,136,adult,2024-05-12,2024-05-14,608.0,Critical,2,6,Delayed,3,2024-05-13,2024-05-15
2024-05-14,161,watch,2024-05-11,2024-05-15,889.0,Normal,2,7,On Progress,4,2024-05-11,2024-05-16
2024-05-14,164,nothing,2024-05-09,2024-05-13,634.0,Critical,3,7,Delayed,4,2024-05-10,2024-05-15
2024-05-14,172,article,2024-05-13,2024-05-15,305.0,Normal,2,8,On Progress,3,2024-05-13,2024-05-15
2024-05-14,183,maybe,2024-05-06,2024-05-21,1583.0,Critical,7,8,On Progress,12,2024-05-06,2024-05-22
2024-05-14,188,inside,2024-05-13,2024-05-25,2118.0,Critical,2,9,On Progress,12,2024-05-13,2024-05-25
2024-05-14,214,away,2024-05-13,2024-05-20,1354.0,Critical,2,9,On Progress,7,2024-05-13,2024-05-20
2024-05-15,63,cell,2024-05-09,2024-05-12,875.0,Critical,2,3,Delayed,4,2024-05-13,2024-05-17
2024-05-15,121,head,2024-05-11,2024-05-14,877.0,Critical,3,6,Delayed,4,2024-05-12,2024-05-17
2024-05-15,136,adult,2024-05-12,2024-05-14,608.0,Critical,3,6,Completed,3,2024-05-13,2024-05-15
2024-05-15,137,onto,2024-05-14,2024-05-17,557.0,Normal,1,6,On Progress,4,2024-05-15,2024-05-18
2024-05-15,161,watch,2024-05-11,2024-05-15,889.0,Critical,3,7,Delayed,4,2024-05-11,2024-05-16
2024-05-15,164,nothing,2024-05-09,2024-05-13,634.0,Critical,4,7,Completed,4,2024-05-10,2024-05-15
2024-05-15,165,leg,2024-05-13,2024-05-15,674.0,Critical,1,7,Delayed,3,2024-05-15,2024-05-17
2024-05-15,172,article,2024-05-13,2024-05-15,305.0,Normal,3,8,Completed,3,2024-05-13,2024-05-15
2024-05-15,173,wish,2024-05-15,2024-05-16,609.0,Normal,1,8,On Progress,2,2024-05-15,2024-05-16
2024-05-15,183,maybe,2024-05-06,2024-05-21,1583.0,Critical,7,8,On Progress,12,2024-05-06,2024-05-22
2024-05-15,188,inside,2024-05-13,2024-05-25,2118.0,Critical,3,9,On Progress,12,2024-05-13,2024-05-25
2024-05-15,201,hit,2024-05-15,2024-05-28,1679.0,Critical,1,9,On Progress,12,2024-05-15,2024-05-31
2024-05-15,214,away,2024-05-13,2024-05-20,1354.0,Critical,3,9,On Progress,7,2024-05-13,2024-05-20
2024-05-16,63,cell,2024-05-09,2024-05-12,875.0,Critical,3,3,Delayed,4,2024-05-13,2024-05-17
2024-05-16,121,head,2024-05-11,2024-05-14,877.0,Critical,3,6,Delayed,4,2024-05-12,2024-05-17
2024-05-16,137,onto,2024-05-14,2024-05-17,557.0,Normal,2,6,On Progress,4,2024-05-15,2024-05-18
2024-05-16,161,watch,2024-05-11,2024-05-15,889.0,Critical,4,7,Completed,4,2024-05-11,2024-05-16
2024-05-16,162,commercial,2024-05-15,2024-05-16,276.0,Critical,1,7,Delayed,2,2024-05-16,2024-05-17
2024-05-16,165,leg,2024-05-13,2024-05-15,674.0,Critical,2,7,Delayed,3,2024-05-15,2024-05-17
2024-05-16,173,wish,2024-05-15,2024-05-16,609.0,Normal,2,8,Completed,2,2024-05-15,2024-05-16
2024-05-16,174,life,2024-05-16,2024-05-17,288.0,Normal,1,8,On Progress,2,2024-05-16,2024-05-17
2024-05-16,183,maybe,2024-05-06,2024-05-21,1583.0,Critical,8,8,On Progress,12,2024-05-06,2024-05-22
2024-05-16,188,inside,2024-05-13,2024-05-25,2118.0,Critical,4,9,On Progress,12,2024-05-13,2024-05-25
2024-05-16,201,hit,2024-05-15,2024-05-28,1679.0,Critical,1,9,On Progress,12,2024-05-15,2024-05-31
2024-05-16,214,away,2024-05-13,2024-05-20,1354.0,Critical,4,9,On Progress,7,2024-05-13,2024-05-20
2024-05-17,63,cell,2024-05-09,2024-05-12,875.0,Critical,4,3,Completed,4,2024-05-13,2024-05-17
2024-05-17,121,head,2024-05-11,2024-05-14,877.0,Critical,4,6,Completed,4,2024-05-12,2024-05-17
2024-05-17,122,benefit,2024-05-14,2024-05-15,312.0,Critical,1,6,Delayed,2,2024-05-17,2024-05-18
2024-05-17,137,onto,2024-05-14,2024-05-17,557.0,Critical,3,6,Delayed,4,2024-05-15,2024-05-18
2024-05-17,162,commercial,2024-05-15,2024-05-16,276.0,Critical,2,7,Completed,2,2024-05-16,2024-05-17
2024-05-17,165,leg,2024-05-13,2024-05-15,674.0,Critical,3,7,Completed,3,2024-05-15,2024-05-17
2024-05-17,166,score,2024-05-15,2024-05-16,576.0,Critical,1,7,Delayed,2,2024-05-17,2024-05-18
2024-05-17,174,life,2024-05-16,2024-05-17,288.0,Normal,2,8,Completed,2,2024-05-16,2024-05-17
2024-05-17,175,do,2024-05-17,2024-05-21,345.0,Normal,1,8,On Progress,3,2024-05-17,2024-05-21
2024-05-17,183,maybe,2024-05-06,2024-05-21,1583.0,Critical,9,8,On Progress,12,2024-05-06,2024-05-22
2024-05-17,188,inside,2024-05-13,2024-05-25,2118.0,Critical,5,9,On Progress,12,2024-05-13,2024-05-25
2024-05-17,201,hit,2024-05-15,2024-05-28,1679.0,Critical,2,9,On Progress,12,2024-05-15,2024-05-31
2024-05-17,214,away,2024-05-13,2024-05-20,1354.0,Critical,5,9,On Progress,7,2024-05-13,2024-05-20
2024-05-18,122,benefit,2024-05-14,2024-05-15,312.0,Critical,2,6,Completed,2,2024-05-17,2024-05-18
2024-05-18,123,current,2024-05-15,2024-05-17,670.0,Critical,1,6,Delayed,3,2024-05-18,2024-05-20
2024-05-18,137,onto,2024-05-14,2024-05-17,557.0,Critical,4,6,Completed,4,2024-05-15,2024-05-18
2024-05-18,138,every,2024-05-17,2024-05-20,576.0,Normal,1,6,On Progress,4,2024-05-18,2024-05-22
2024-05-18,166,score,2024-05-15,2024-05-16,576.0,Critical,2,7,Completed,2,2024-05-17,2024-05-18
2024-05-18,167,six,2024-05-16,2024-05-18,657.0,Critical,1,7,Delayed,3,2024-05-18,2024-05-21
2024-05-18,188,inside,2024-05-13,2024-05-25,2118.0,Critical,6,9,On Progress,12,2024-05-13,2024-05-25
2024-05-18,201,hit,2024-05-15,2024-05-28,1679.0,Critical,3,9,On Progress,12,2024-05-15,2024-05-31
2024-05-18,214,away,2024-05-13,2024-05-20,1354.0,Critical,6,9,On Progress,7,2024-05-13,2024-05-20
2024-05-19,123,current,2024-05-15,2024-05-17,670.0,Critical,2,6,Delayed,3,2024-05-18,2024-05-20
2024-05-19,138,every,2024-05-17,2024-05-20,576.0,Normal,2,6,On Progress,4,2024-05-18,2024-05-22
2024-05-20,123,current,2024-05-15,2024-05-17,670.0,Critical,3,6,Completed,3,2024-05-18,2024-05-20
2024-05-20,124,current,2024-05-17,2024-05-18,348.0,Critical,1,6,Delayed,2,2024-05-20,2024-05-21
2024-05-20,138,every,2024-05-17,2024-05-20,576.0,Critical,2,6,Delayed,4,2024-05-18,2024-05-22
2024-05-20,167,six,2024-05-16,2024-05-18,657.0,Critical,2,7,Delayed,3,2024-05-18,2024-05-21
2024-05-20,175,do,2024-05-17,2024-05-21,345.0,Normal,2,8,On Progress,3,2024-05-17,2024-05-21
2024-05-20,183,maybe,2024-05-06,2024-05-21,1583.0,Critical,10,8,On Progress,12,2024-05-06,2024-05-22
2024-05-20,188,inside,2024-05-13,2024-05-25,2118.0,Critical,7,9,On Progress,12,2024-05-13,2024-05-25
2024-05-20,201,hit,2024-05-15,2024-05-28,1679.0,Critical,4,9,On Progress,12,2024-05-15,2024-05-31
2024-05-20,214,away,2024-05-13,2024-05-20,1354.0,Critical,7,9,Completed,7,2024-05-13,2024-05-20
2024-05-20,215,key,2024-05-20,2024-05-21,500.0,Normal,1,9,On Progress,2,2024-05-20,2024-05-21
2024-05-21,124,current,2024-05-17,2024-05-18,348.0,Critical,2,6,Completed,2,2024-05-20,2024-05-21
2024-05-21,125,up,2024-05-18,2024-05-20,904.0,Critical,1,6,Delayed,3,2024-05-21,2024-05-24
2024-05-21,138,every,2024-05-17,2024-05-20,576.0,Critical,3,6,Delayed,4,2024-05-18,2024-05-22
2024-05-21,167,six,2024-05-16,2024-05-18,657.0,Critical,3,7,Completed,3,2024-05-18,2024-05-21
2024-05-21,168,customer,2024-05-18,2024-05-20,526.0,Critical,0,7,Delayed,2,2024-05-21,2024-05-23
2024-05-21,175,do,2024-05-17,2024-05-21,345.0,Normal,3,8,Completed,3,2024-05-17,2024-05-21
2024-05-21,176,fine,2024-05-21,2024-05-23,581.0,Normal,1,8,On Progress,3,2024-05-21,2024-05-24
2024-05-21,183,maybe,2024-05-06,2024-05-21,1583.0,Critical,11,8,Delayed,12,2024-05-06,2024-05-22
2024-05-21,188,inside,2024-05-13,2024-05-25,2118.0,Critical,8,9,On Progress,12,2024-05-13,2024-05-25
2024-05-21,201,hit,2024-05-15,2024-05-28,1679.0,Critical,5,9,On Progress,12,2024-05-15,2024-05-31
2024-05-21,215,key,2024-05-20,2024-05-21,500.0,Normal,2,9,Completed,2,2024-05-20,2024-05-21
2024-05-21,216,local,2024-05-21,2024-05-22,849.0,Normal,1,9,On Progress,2,2024-05-21,2024-05-22
2024-05-22,125,up,2024-05-18,2024-05-20,904.0,Critical,1,6,Delayed,3,2024-05-21,2024-05-24
2024-05-22,138,every,2024-05-17,2024-05-20,576.0,Critical,4,6,Completed,4,2024-05-18,2024-05-22
2024-05-22,139,decade,2024-05-20,2024-05-21,341.0,Critical,0,6,Delayed,2,2024-05-22,2024-05-24
2024-05-22,168,customer,2024-05-18,2024-05-20,526.0,Critical,1,7,Delayed,2,2024-05-21,2024-05-23
2024-05-22,176,fine,2024-05-21,2024-05-23,581.0,Normal,1,8,On Progress,3,2024-05-21,2024-05-24
2024-05-22,183,maybe,2024-05-06,2024-05-21,1583.0,Critical,12,8,Completed,12,2024-05-06,2024-05-22
2024-05-22,184,positive,2024-05-21,2024-05-23,457.0,Normal,1,8,On Progress,3,2024-05-22,2024-05-24
2024-05-22,188,inside,2024-05-13,2024-05-25,2118.0,Critical,9,9,On Progress,12,2024-05-13,2024-05-25
2024-05-22,201,hit,2024-05-15,2024-05-28,1679.0,Critical,6,9,On Progress,12,2024-05-15,2024-05-31
2024-05-22,216,local,2024-05-21,2024-05-22,849.0,Normal,2,9,Completed,2,2024-05-21,2024-05-22
2024-05-22,217,name,2024-05-22,2024-05-25,519.0,Normal,1,9,On Progress,4,2024-05-22,2024-05-25
2024-05-23,125,up,2024-05-18,2024-05-20,904.0,Critical,2,6,Delayed,3,2024-05-21,2024-05-24
2024-05-23,139,decade,2024-05-20,2024-05-21,341.0,Critical,1,6,Delayed,2,2024-05-22,2024-05-24
2024-05-23,168,customer,2024-05-18,2024-05-20,526.0,Critical,2,7,Completed,2,2024-05-21,2024-05-23
2024-05-23,169,seek,2024-05-20,2024-05-22,728.0,Critical,1,7,Delayed,3,2024-05-23,2024-05-25
2024-05-23,176,fine,2024-05-21,2024-05-23,581.0,Critical,2,8,Delayed,3,2024-05-21,2024-05-24
2024-05-23,184,positive,2024-05-21,2024-05-23,457.0,Critical,2,8,Delayed,3,2024-05-22,2024-05-24
2024-05-23,188,inside,2024-05-13,2024-05-25,2118.0,Critical,10,9,On Progress,12,2024-05-13,2024-05-25
2024-05-23,201,hit,2024-05-15,2024-05-28,1679.0,Critical,7,9,On Progress,12,2024-05-15,2024-05-31
2024-05-23,217,name,2024-05-22,2024-05-25,519.0,Normal,2,9,On Progress,4,2024-05-22,2024-05-25
2024-05-24,125,up,2024-05-18,2024-05-20,904.0,Critical,3,6,Completed,3,2024-05-21,2024-05-24
2024-05-24,126,since,2024-05-20,2024-05-21,859.0,Critical,1,6,Delayed,2,2024-05-24,2024-05-26
2024-05-24,139,decade,2024-05-20,2024-05-21,341.0,Critical,2,6,Completed,2,2024-05-22,2024-05-24
2024-05-24,140,remember,2024-05-21,2024-05-23,921.0,Critical,1,6,Delayed,3,2024-05-24,2024-05-26
2024-05-24,169,seek,2024-05-20,2024-05-22,728.0,Critical,2,7,Delayed,3,2024-05-23,2024-05-25
2024-05-24,176,fine,2024-05-21,2024-05-23,581.0,Critical,3,8,Completed,3,2024-05-21,2024-05-24
2024-05-24,177,radio,2024-05-23,2024-05-24,487.0,Critical,1,8,Delayed,2,2024-05-24,2024-05-27
2024-05-24,184,positive,2024-05-21,2024-05-23,457.0,Critical,3,8,Completed,3,2024-05-22,2024-05-24
2024-05-24,185,including,2024-05-23,2024-05-28,841.0,Normal,1,8,On Progress,4,2024-05-24,2024-05-30
2024-05-24,188,inside,2024-05-13,2024-05-25,2118.0,Critical,11,9,On Progress,12,2024-05-13,2024-05-25
2024-05-24,201,hit,2024-05-15,2024-05-28,1679.0,Critical,8,9,On Progress,12,2024-05-15,2024-05-31
2024-05-24,217,name,2024-05-22,2024-05-25,519.0,Normal,3,9,On Progress,4,2024-05-22,2024-05-25
2024-05-25,126,since,2024-05-20,2024-05-21,859.0,Critical,1,6,Delayed,2,2024-05-24,2024-05-26
2024-05-25,140,remember,2024-05-21,2024-05-23,921.0,Critical,2,6,Delayed,3,2024-05-24,2024-05-26
2024-05-25,169,seek,2024-05-20,2024-05-22,728.0,Critical,3,7,Completed,3,2024-05-23,2024-05-25
2024-05-25,170,seven,2024-05-22,2024-05-24,860.0,Critical,1,7,Delayed,3,2024-05-25,2024-05-28
2024-05-25,188,inside,2024-05-13,2024-05-25,2118.0,Critical,12,9,Completed,12,2024-05-13,2024-05-25
2024-05-25,189,manager,2024-05-25,2024-05-29,528.0,Normal,1,9,On Progress,4,2024-05-25,2024-05-29
2024-05-25,201,hit,2024-05-15,2024-05-28,1679.0,Critical,8,9,On Progress,12,2024-05-15,2024-05-31
2024-05-25,217,name,2024-05-22,2024-05-25,519.0,Normal,4,9,Completed,4,2024-05-22,2024-05-25
2024-05-25,218,painting,2024-05-25,2024-05-28,495.0,Normal,1,9,On Progress,3,2024-05-25,2024-05-28
2024-05-26,126,since,2024-05-20,2024-05-21,859.0,Critical,2,6,Completed,2,2024-05-24,2024-05-26
2024-05-26,127,anyone,2024-05-21,2024-05-23,583.0,Critical,1,6,Delayed,3,2024-05-26,2024-05-28
2024-05-26,140,remember,2024-05-21,2024-05-23,921.0,Critical,3,6,Completed,3,2024-05-24,2024-05-26
2024-05-26,141,bill,2024-05-23,2024-05-26,340.0,Critical,1,6,Delayed,4,2024-05-26,2024-05-29
2024-05-27,127,anyone,2024-05-21,2024-05-23,583.0,Critical,2,6,Delayed,3,2024-05-26,2024-05-28
2024-05-27,141,bill,2024-05-23,2024-05-26,340.0,Critical,2,6,Delayed,4,2024-05-26,2024-05-29
2024-05-27,170,seven,2024-05-22,2024-05-24,860.0,Critical,2,7,Delayed,3,2024-05-25,2024-05-28
2024-05-27,177,radio,2024-05-23,2024-05-24,487.0,Critical,2,8,Completed,2,2024-05-24,2024-05-27
2024-05-27,178,effort,2024-05-24,2024-05-27,258.0,Critical,1,8,Delayed,2,2024-05-27,2024-05-28
2024-05-27,185,including,2024-05-23,2024-05-28,841.0,Normal,1,8,On Progress,4,2024-05-24,2024-05-30
2024-05-27,189,manager,2024-05-25,2024-05-29,528.0,Normal,2,9,On Progress,4,2024-05-25,2024-05-29
2024-05-27,201,hit,2024-05-15,2024-05-28,1679.0,Critical,9,9,On Progress,12,2024-05-15,2024-05-31
2024-05-27,218,painting,2024-05-25,2024-05-28,495.0,Normal,2,9,On Progress,3,2024-05-25,2024-05-28
2024-05-27,219,above,2024-05-27,2024-06-07,2718.0,Critical,1,10,On Progress,12,2024-05-27,2024-06-10
2024-05-28,127,anyone,2024-05-21,2024-05-23,583.0,Critical,3,6,Completed,3,2024-05-26,2024-05-28
2024-05-28,128,last,2024-05-23,2024-05-24,562.0,Critical,1,6,Delayed,2,2024-05-28,2024-05-29
2024-05-28,141,bill,2024-05-23,2024-05-26,340.0,Critical,3,6,Delayed,4,2024-05-26,2024-05-29
2024-05-28,170,seven,2024-05-22,2024-05-24,860.0,Critical,3,7,Completed,3,2024-05-25,2024-05-28
2024-05-28,178,effort,2024-05-24,2024-05-27,258.0,Critical,2,8,Completed,2,2024-05-27,2024-05-28
2024-05-28,179,sing,2024-05-27,2024-05-28,818.0,Critical,1,8,Delayed,2,2024-05-28,2024-05-30
2024-05-28,185,including,2024-05-23,2024-05-28,841.0,Critical,2,8,Delayed,4,2024-05-24,2024-05-30
2024-05-28,189,manager,2024-05-25,2024-05-29,528.0,Normal,3,9,On Progress,4,2024-05-25,2024-05-29
2024-05-28,201,hit,2024-05-15,2024-05-28,1679.0,Critical,10,9,Delayed,12,2024-05-15,2024-05-31
2024-05-28,218,painting,2024-05-25,2024-05-28,495.0,Normal,3,9,Completed,3,2024-05-25,2024-05-28
2024-05-28,219,above,2024-05-27,2024-06-07,2718.0,Critical,2,10,On Progress,12,2024-05-27,2024-06-10
2024-05-29,128,last,2024-05-23,2024-05-24,562.0,Critical,2,6,Completed,2,2024-05-28,2024-05-29
2024-05-29,129,around,2024-05-24,2024-05-25,353.0,Critical,1,6,Delayed,2,2024-05-29,2024-05-30
2024-05-29,141,bill,2024-05-23,2024-05-26,340.0,Critical,4,6,Completed,4,2024-05-26,2024-05-29
2024-05-29,142,order,2024-05-26,2024-05-29,541.0,Critical,1,6,Delayed,4,2024-05-29,2024-06-01
2024-05-29,179,sing,2024-05-27,2024-05-28,818.0,Critical,1,8,Delayed,2,2024-05-28,2024-05-30
2024-05-29,185,including,2024-05-23,2024-05-28,841.0,Critical,3,8,Delayed,4,2024-05-24,2024-05-30
2024-05-29,189,manager,2024-05-25,2024-05-29,528.0,Normal,4,9,Completed,4,2024-05-25,2024-05-29
2024-05-29,190,may,2024-05-29,2024-05-30,813.0,Normal,0,9,On Progress,2,2024-05-29,2024-05-31
2024-05-29,201,hit,2024-05-15,2024-05-28,1679.0,Critical,11,9,Delayed,12,2024-05-15,2024-05-31
2024-05-29,219,above,2024-05-27,2024-06-07,2718.0,Critical,3,10,On Progress,12,2024-05-27,2024-06-10
2024-05-30,129,around,2024-05-24,2024-05-25,353.0,Critical,2,6,Completed,2,2024-05-29,2024-05-30
2024-05-30,130,why,2024-05-25,2024-05-28,201.0,Critical,1,6,Delayed,4,2024-05-30,2024-06-02
2024-05-30,142,order,2024-05-26,2024-05-29,541.0,Critical,2,6,Delayed,4,2024-05-29,2024-06-01
2024-05-30,179,sing,2024-05-27,2024-05-28,818.0,Critical,2,8,Completed,2,2024-05-28,2024-05-30
2024-05-30,180,maybe,2024-05-28,2024-05-29,215.0,Critical,1,8,Delayed,2,2024-05-30,2024-05-31
2024-05-30,185,including,2024-05-23,2024-05-28,841.0,Critical,4,8,Completed,4,2024-05-24,2024-05-30
2024-05-30,186,help,2024-05-28,2024-05-30,979.0,Critical,1,8,Delayed,3,2024-05-30,2024-06-03
2024-05-30,190,may,2024-05-29,2024-05-30,813.0,Critical,1,9,Delayed,2,2024-05-29,2024-05-31
2024-05-30,201,hit,2024-05-15,2024-05-28,1679.0,Critical,11,9,Delayed,12,2024-05-15,2024-05-31
2024-05-30,219,above,2024-05-27,2024-06-07,2718.0,Critical,4,10,On Progress,12,2024-05-27,2024-06-10
2024-05-30,230,write,2024-05-30,2024-06-05,2763.0,Critical,1,10,On Progress,7,2024-05-30,2024-06-05
2024-05-31,130,why,2024-05-25,2024-05-28,201.0,Critical,2,6,Delayed,4,2024-05-30,2024-06-02
2024-05-31,142,order,2024-05-26,2024-05-29,541.0,Critical,3,6,Delayed,4,2024-05-29,2024-06-01
2024-05-31,180,maybe,2024-05-28,2024-05-29,215.0,Critical,2,8,Completed,2,2024-05-30,2024-05-31
2024-05-31,181,many,2024-05-29,2024-05-30,430.0,Critical,1,8,Delayed,2,2024-05-31,2024-06-03
2024-05-31,186,help,2024-05-28,2024-05-30,979.0,Critical,2,8,Delayed,3,2024-05-30,2024-06-03
2024-05-31,190,may,2024-05-29,2024-05-30,813.0,Critical,2,9,Completed,2,2024-05-29,2024-05-31
2024-05-31,191,ahead,2024-05-30,2024-06-03,662.0,Normal,1,9,On Progress,4,2024-05-31,2024-06-04
2024-05-31,201,hit,2024-05-15,2024-05-28,1679.0,Critical,12,9,Completed,12,2024-05-15,2024-05-31
2024-05-31,202,class,2024-05-28,2024-05-31,974.0,Critical,1,9,Delayed,4,2024-05-31,2024-06-04
2024-05-31,219,above,2024-05-27,2024-06-07,2718.0,Critical,5,10,On Progress,12,2024-05-27,2024-06-10
2024-05-31,230,write,2024-05-30,2024-06-05,2763.0,Critical,2,10,On Progress,7,2024-05-30,2024-06-05
2024-06-01,130,why,2024-05-25,2024-05-28,201.0,Critical,3,6,Delayed,4,2024-05-30,2024-06-02
2024-06-01,142,order,2024-05-26,2024-05-29,541.0,Critical,4,6,Completed,4,2024-05-29,2024-06-01
2024-06-01,143,daughter,2024-05-29,2024-05-31,698.0,Critical,1,6,Delayed,3,2024-06-01,2024-06-03
2024-06-01,191,ahead,2024-05-30,2024-06-03,662.0,Normal,2,9,On Progress,4,2024-05-31,2024-06-04
2024-06-01,202,class,2024-05-28,2024-05-31,974.0,Critical,2,9,Delayed,4,2024-05-31,2024-06-04
2024-06-01,219,above,2024-05-27,2024-06-07,2718.0,Critical,5,10,On Progress,12,2024-05-27,2024-06-10
2024-06-01,230,write,2024-05-30,2024-06-05,2763.0,Critical,3,10,On Progress,7,2024-05-30,2024-06-05
2024-06-02,130,why,2024-05-25,2024-05-28,201.0,Critical,4,6,Completed,4,2024-05-30,2024-06-02
2024-06-02,143,daughter,2024-05-29,2024-05-31,698.0,Critical,2,6,Delayed,3,2024-06-01,2024-06-03
2024-06-02,219,above,2024-05-27,2024-06-07,2718.0,Critical,6,10,On Progress,12,2024-05-27,2024-06-10
2024-06-02,230,write,2024-05-30,2024-06-05,2763.0,Critical,4,10,On Progress,7,2024-05-30,2024-06-05
2024-06-03,143,daughter,2024-05-29,2024-05-31,698.0,Critical,3,6,Completed,3,2024-06-01,2024-06-03
2024-06-03,144,suggest,2024-05-31,2024-06-01,407.0,Critical,1,6,Delayed,2,2024-06-03,2024-06-04
2024-06-03,181,many,2024-05-29,2024-05-30,430.0,Critical,2,8,Completed,2,2024-05-31,2024-06-03
2024-06-03,182,student,2024-05-30,2024-05-31,804.0,Critical,1,8,Delayed,2,2024-06-03,2024-06-04
2024-06-03,186,help,2024-05-28,2024-05-30,979.0,Critical,3,8,Completed,3,2024-05-30,2024-06-03
2024-06-03,187,enter,2024-05-30,2024-05-31,376.0,Critical,1,8,Delayed,2,2024-06-03,2024-06-04
2024-06-03,191,ahead,2024-05-30,2024-06-03,662.0,Critical,3,9,Delayed,4,2024-05-31,2024-06-04
2024-06-03,202,class,2024-05-28,2024-05-31,974.0,Critical,3,9,Delayed,4,2024-05-31,2024-06-04
2024-06-03,219,above,2024-05-27,2024-06-07,2718.0,Critical,7,10,On Progress,12,2024-05-27,2024-06-10
2024-06-03,230,write,2024-05-30,2024-06-05,2763.0,Critical,5,10,On Progress,7,2024-05-30,2024-06-05
2024-06-04,144,suggest,2024-05-31,2024-06-01,407.0,Critical,2,6,Completed,2,2024-06-03,2024-06-04
2024-06-04,145,certain,2024-06-01,2024-06-04,404.0,Critical,1,6,Delayed,4,2024-06-04,2024-06-07
2024-06-04,182,student,2024-05-30,2024-05-31,804.0,Critical,2,8,Completed,2,2024-06-03,2024-06-04
2024-06-04,187,enter,2024-05-30,2024-05-31,376.0,Critical,2,8,Completed,2,2024-06-03,2024-06-04
2024-06-04,191,ahead,2024-05-30,2024-06-03,662.0,Critical,4,9,Completed,4,2024-05-31,2024-06-04
2024-06-04,192,staff,2024-06-03,2024-06-05,966.0,Normal,1,9,On Progress,3,2024-06-04,2024-06-06
2024-06-04,202,class,2024-05-28,2024-05-31,974.0,Critical,4,9,Completed,4,2024-05-31,2024-06-04
2024-06-04,203,scientist,2024-05-31,2024-06-03,407.0,Critical,1,9,Delayed,3,2024-06-04,2024-06-06
2024-06-04,219,above,2024-05-27,2024-06-07,2718.0,Critical,8,10,On Progress,12,2024-05-27,2024-06-10
2024-06-04,230,write,2024-05-30,2024-06-05,2763.0,Critical,6,10,On Progress,7,2024-05-30,2024-06-05
2024-06-05,145,certain,2024-06-01,2024-06-04,404.0,Critical,2,6,Delayed,4,2024-06-04,2024-06-07
2024-06-05,192,staff,2024-06-03,2024-06-05,966.0,Critical,2,9,Delayed,3,2024-06-04,2024-06-06
2024-06-05,203,scientist,2024-05-31,2024-06-03,407.0,Critical,2,9,Delayed,3,2024-06-04,2024-06-06
2024-06-05,219,above,2024-05-27,2024-06-07,2718.0,Critical,8,10,On Progress,12,2024-05-27,2024-06-10
2024-06-05,230,write,2024-05-30,2024-06-05,2763.0,Critical,7,10,Completed,7,2024-05-30,2024-06-05
2024-06-05,231,card,2024-06-05,2024-06-06,832.0,Normal,1,10,On Progress,2,2024-06-05,2024-06-06
2024-06-06,145,certain,2024-06-01,2024-06-04,404.0,Critical,3,6,Delayed,4,2024-06-04,2024-06-07
2024-06-06,192,staff,2024-06-03,2024-06-05,966.0,Critical,3,9,Completed,3,2024-06-04,2024-06-06
2024-06-06,193,owner,2024-06-05,2024-06-07,523.0,Normal,1,9,On Progress,3,2024-06-06,2024-06-10
2024-06-06,203,scientist,2024-05-31,2024-06-03,407.0,Critical,3,9,Completed,3,2024-06-04,2024-06-06
2024-06-06,204,teach,2024-06-03,2024-06-04,548.0,Critical,1,9,Delayed,2,2024-06-06,2024-06-07
2024-06-06,219,above,2024-05-27,2024-06-07,2718.0,Critical,8,10,On Progress,12,2024-05-27,2024-06-10
2024-06-06,231,card,2024-06-05,2024-06-06,832.0,Normal,2,10,Completed,2,2024-06-05,2024-06-06
2024-06-06,232,treat,2024-06-06,2024-06-09,640.0,Normal,1,10,On Progress,4,2024-06-06,2024-06-10
2024-06-07,145,certain,2024-06-01,2024-06-04,404.0,Critical,4,6,Completed,4,2024-06-04,2024-06-07
2024-06-07,146,where,2024-06-04,2024-06-05,661.0,Critical,1,6,Delayed,2,2024-06-07,2024-06-08
2024-06-07,193,owner,2024-06-05,2024-06-07,523.0,Critical,1,9,Delayed,3,2024-06-06,2024-06-10
2024-06-07,204,teach,2024-06-03,2024-06-04,548.0,Critical,2,9,Completed,2,2024-06-06,2024-06-07
2024-06-07,205,religious,2024-06-04,2024-06-06,532.0,Critical,1,9,Delayed,3,2024-06-07,2024-06-11
2024-06-07,219,above,2024-05-27,2024-06-07,2718.0,Critical,9,10,Delayed,12,2024-05-27,2024-06-10
2024-06-07,232,treat,2024-06-06,2024-06-09,640.0,Normal,2,10,On Progress,4,2024-06-06,2024-06-10
2024-06-08,146,where,2024-06-04,2024-06-05,661.0,Critical,2,6,Completed,2,2024-06-07,2024-06-08
2024-06-08,147,once,2024-06-05,2024-06-06,949.0,Critical,1,6,Delayed,2,2024-06-08,2024-06-09
2024-06-08,193,owner,2024-06-05,2024-06-07,523.0,Critical,2,9,Delayed,3,2024-06-06,2024-06-10
2024-06-08,205,religious,2024-06-04,2024-06-06,532.0,Critical,2,9,Delayed,3,2024-06-07,2024-06-11
2024-06-08,219,above,2024-05-27,2024-06-07,2718.0,Critical,10,10,Delayed,12,2024-05-27,2024-06-10
2024-06-08,232,treat,2024-06-06,2024-06-09,640.0,Normal,2,10,On Progress,4,2024-06-06,2024-06-10
2024-06-09,147,once,2024-06-05,2024-06-06,949.0,Critical,2,6,Completed,2,2024-06-08,2024-06-09
2024-06-09,148,school,2024-06-06,2024-06-08,799.0,Critical,1,6,Delayed,3,2024-06-09,2024-06-11
2024-06-09,219,above,2024-05-27,2024-06-07,2718.0,Critical,11,10,Delayed,12,2024-05-27,2024-06-10
2024-06-09,232,treat,2024-06-06,2024-06-09,640.0,Critical,3,10,Delayed,4,2024-06-06,2024-06-10
2024-06-10,148,school,2024-06-06,2024-06-08,799.0,Critical,2,6,Delayed,3,2024-06-09,2024-06-11
2024-06-10,193,owner,2024-06-05,2024-06-07,523.0,Critical,3,9,Completed,3,2024-06-06,2024-06-10
2024-06-10,194,per,2024-06-07,2024-06-08,679.0,Critical,1,9,Delayed,2,2024-06-10,2024-06-11
2024-06-10,205,religious,2024-06-04,2024-06-06,532.0,Critical,2,9,Delayed,3,2024-06-07,2024-06-11
2024-06-10,219,above,2024-05-27,2024-06-07,2718.0,Critical,12,10,Completed,12,2024-05-27,2024-06-10
2024-06-10,220,much,2024-06-07,2024-06-10,516.0,Critical,1,10,Delayed,4,2024-06-10,2024-06-15
2024-06-10,232,treat,2024-06-06,2024-06-09,640.0,Critical,4,10,Completed,4,2024-06-06,2024-06-10
2024-06-10,233,example,2024-06-09,2024-06-12,847.0,Normal,1,10,On Progress,4,2024-06-10,2024-06-13
2024-06-11,148,school,2024-06-06,2024-06-08,799.0,Critical,3,6,Completed,3,2024-06-09,2024-06-11
2024-06-11,194,per,2024-06-07,2024-06-08,679.0,Critical,2,9,Completed,2,2024-06-10,2024-06-11
2024-06-11,195,send,2024-06-08,2024-06-12,493.0,Normal,1,9,On Progress,4,2024-06-11,2024-06-14
2024-06-11,205,religious,2024-06-04,2024-06-06,532.0,Critical,3,9,Completed,3,2024-06-07,2024-06-11
2024-06-11,206,thus,2024-06-06,2024-06-07,839.0,Critical,1,9,Delayed,2,2024-06-11,2024-06-12
2024-06-11,220,much,2024-06-07,2024-06-10,516.0,Critical,2,10,Delayed,4,2024-06-10,2024-06-15
2024-06-11,233,example,2024-06-09,2024-06-12,847.0,Normal,2,10,On Progress,4,2024-06-10,2024-06-13
2024-06-12,195,send,2024-06-08,2024-06-12,493.0,Critical,2,9,Delayed,4,2024-06-11,2024-06-14
2024-06-12,206,thus,2024-06-06,2024-06-07,839.0,Critical,2,9,Completed,2,2024-06-11,2024-06-12
2024-06-12,207,top,2024-06-07,2024-06-08,490.0,Critical,1,9,Delayed,2,2024-06-12,2024-06-13
2024-06-12,220,much,2024-06-07,2024-06-10,516.0,Critical,3,10,Delayed,4,2024-06-10,2024-06-15
2024-06-12,233,example,2024-06-09,2024-06-12,847.0,Critical,3,10,Delayed,4,2024-06-10,2024-06-13
2024-06-13,195,send,2024-06-08,2024-06-12,493.0,Critical,3,9,Delayed,4,2024-06-11,2024-06-14
2024-06-13,207,top,2024-06-07,2024-06-08,490.0,Critical,2,9,Completed,2,2024-06-12,2024-06-13
2024-06-13,208,capital,2024-06-08,2024-06-12,740.0,Critical,1,9,Delayed,4,2024-06-13,2024-06-17
2024-06-13,220,much,2024-06-07,2024-06-10,516.0,Critical,3,10,Delayed,4,2024-06-10,2024-06-15
2024-06-13,233,example,2024-06-09,2024-06-12,847.0,Critical,4,10,Completed,4,2024-06-10,2024-06-13
2024-06-13,234,mouth,2024-06-12,2024-06-14,926.0,Normal,1,10,On Progress,3,2024-06-13,2024-06-15
2024-06-14,195,send,2024-06-08,2024-06-12,493.0,Critical,4,9,Completed,4,2024-06-11,2024-06-14
2024-06-14,196,sometimes,2024-06-12,2024-06-13,487.0,Critical,1,9,Delayed,2,2024-06-14,2024-06-15
2024-06-14,208,capital,2024-06-08,2024-06-12,740.0,Critical,2,9,Delayed,4,2024-06-13,2024-06-17
2024-06-14,220,much,2024-06-07,2024-06-10,516.0,Critical,3,10,Delayed,4,2024-06-10,2024-06-15
2024-06-14,234,mouth,2024-06-12,2024-06-14,926.0,Critical,2,10,Delayed,3,2024-06-13,2024-06-15
2024-06-15,196,sometimes,2024-06-12,2024-06-13,487.0,Critical,2,9,Completed,2,2024-06-14,2024-06-15
2024-06-15,197,with,2024-06-13,2024-06-15,258.0,Critical,1,9,Delayed,3,2024-06-15,2024-06-19
2024-06-15,208,capital,2024-06-08,2024-06-12,740.0,Critical,3,9,Delayed,4,2024-06-13,2024-06-17
2024-06-15,220,much,2024-06-07,2024-06-10,516.0,Critical,4,10,Completed,4,2024-06-10,2024-06-15
2024-06-15,221,Mrs,2024-06-10,2024-06-11,754.0,Critical,1,10,Delayed,2,2024-06-15,2024-06-16
2024-06-15,234,mouth,2024-06-12,2024-06-14,926.0,Critical,3,10,Completed,3,2024-06-13,2024-06-15
2024-06-15,235,safe,2024-06-14,2024-06-17,460.0,Normal,1,10,On Progress,4,2024-06-15,2024-06-18
2024-06-16,221,Mrs,2024-06-10,2024-06-11,754.0,Critical,2,10,Completed,2,2024-06-15,2024-06-16
2024-06-16,222,reach,2024-06-11,2024-06-13,428.0,Critical,1,10,Delayed,3,2024-06-16,2024-06-18
2024-06-16,235,safe,2024-06-14,2024-06-17,460.0,Normal,2,10,On Progress,4,2024-06-15,2024-06-18
2024-06-17,197,with,2024-06-13,2024-06-15,258.0,Critical,1,9,Delayed,3,2024-06-15,2024-06-19
2024-06-17,208,capital,2024-06-08,2024-06-12,740.0,Critical,4,9,Completed,4,2024-06-13,2024-06-17
2024-06-17,209,pull,2024-06-12,2024-06-15,568.0,Critical,1,9,Delayed,4,2024-06-17,2024-06-21
2024-06-17,222,reach,2024-06-11,2024-06-13,428.0,Critical,2,10,Delayed,3,2024-06-16,2024-06-18
2024-06-17,235,safe,2024-06-14,2024-06-17,460.0,Critical,3,10,Delayed,4,2024-06-15,2024-06-18
2024-06-18,197,with,2024-06-13,2024-06-15,258.0,Critical,2,9,Delayed,3,2024-06-15,2024-06-19
2024-06-18,209,pull,2024-06-12,2024-06-15,568.0,Critical,2,9,Delayed,4,2024-06-17,2024-06-21
2024-06-18,222,reach,2024-06-11,2024-06-13,428.0,Critical,3,10,Completed,3,2024-06-16,2024-06-18
2024-06-18,223,agreement,2024-06-13,2024-06-15,482.0,Critical,1,10,Delayed,3,2024-06-18,2024-06-20
2024-06-18,235,safe,2024-06-14,2024-06-17,460.0,Critical,4,10,Completed,4,2024-06-15,2024-06-18
2024-06-18,236,family,2024-06-17,2024-06-20,525.0,Normal,1,10,On Progress,4,2024-06-18,2024-06-22
2024-06-19,197,with,2024-06-13,2024-06-15,258.0,Critical,3,9,Completed,3,2024-06-15,2024-06-19
2024-06-19,198,big,2024-06-15,2024-06-18,704.0,Critical,1,9,Delayed,3,2024-06-19,2024-06-21
2024-06-19,209,pull,2024-06-12,2024-06-15,568.0,Critical,3,9,Delayed,4,2024-06-17,2024-06-21
2024-06-19,223,agreement,2024-06-13,2024-06-15,482.0,Critical,2,10,Delayed,3,2024-06-18,2024-06-20
2024-06-19,236,family,2024-06-17,2024-06-20,525.0,Normal,1,10,On Progress,4,2024-06-18,2024-06-22
2024-06-20,198,big,2024-06-15,2024-06-18,704.0,Critical,2,9,Delayed,3,2024-06-19,2024-06-21
2024-06-20,209,pull,2024-06-12,2024-06-15,568.0,Critical,3,9,Delayed,4,2024-06-17,2024-06-21
2024-06-20,223,agreement,2024-06-13,2024-06-15,482.0,Critical,3,10,Completed,3,2024-06-18,2024-06-20
2024-06-20,224,author,2024-06-15,2024-06-18,394.0,Critical,0,10,Delayed,4,2024-06-20,2024-06-24
2024-06-20,236,family,2024-06-17,2024-06-20,525.0,Critical,2,10,Delayed,4,2024-06-18,2024-06-22
2024-06-21,198,big,2024-06-15,2024-06-18,704.0,Critical,3,9,Completed,3,2024-06-19,2024-06-21
2024-06-21,199,authority,2024-06-18,2024-06-19,949.0,Critical,1,9,Delayed,2,2024-06-21,2024-06-22
2024-06-21,209,pull,2024-06-12,2024-06-15,568.0,Critical,4,9,Completed,4,2024-06-17,2024-06-21
2024-06-21,210,fund,2024-06-15,2024-06-19,292.0,Critical,1,9,Delayed,4,2024-06-21,2024-06-25
2024-06-21,224,author,2024-06-15,2024-06-18,394.0,Critical,1,10,Delayed,4,2024-06-20,2024-06-24
2024-06-21,236,family,2024-06-17,2024-06-20,525.0,Critical,3,10,Delayed,4,2024-06-18,2024-06-22
2024-06-22,199,authority,2024-06-18,2024-06-19,949.0,Critical,2,9,Completed,2,2024-06-21,2024-06-22
2024-06-22,200,seat,2024-06-19,2024-06-20,488.0,Critical,1,9,Delayed,2,2024-06-22,2024-06-24
2024-06-22,210,fund,2024-06-15,2024-06-19,292.0,Critical,2,9,Delayed,4,2024-06-21,2024-06-25
2024-06-22,224,author,2024-06-15,2024-06-18,394.0,Critical,2,10,Delayed,4,2024-06-20,2024-06-24
2024-06-22,236,family,2024-06-17,2024-06-20,525.0,Critical,4,10,Completed,4,2024-06-18,2024-06-22
2024-06-22,237,remember,2024-06-20,2024-06-21,313.0,Critical,1,10,Delayed,2,2024-06-22,2024-06-23
2024-06-23,224,author,2024-06-15,2024-06-18,394.0,Critical,3,10,Delayed,4,2024-06-20,2024-06-24
2024-06-23,237,remember,2024-06-20,2024-06-21,313.0,Critical,2,10,Completed,2,2024-06-22,2024-06-23
2024-06-23,238,approach,2024-06-21,2024-06-24,816.0,Normal,1,10,On Progress,4,2024-06-23,2024-06-26
2024-06-24,200,seat,2024-06-19,2024-06-20,488.0,Critical,2,9,Completed,2,2024-06-22,2024-06-24
2024-06-24,210,fund,2024-06-15,2024-06-19,292.0,Critical,3,9,Delayed,4,2024-06-21,2024-06-25
2024-06-24,224,author,2024-06-15,2024-06-18,394.0,Critical,4,10,Completed,4,2024-06-20,2024-06-24
2024-06-24,225,require,2024-06-18,2024-06-20,448.0,Critical,1,10,Delayed,3,2024-06-24,2024-06-26
2024-06-24,238,approach,2024-06-21,2024-06-24,816.0,Critical,2,10,Delayed,4,2024-06-23,2024-06-26
2024-06-25,210,fund,2024-06-15,2024-06-19,292.0,Critical,4,9,Completed,4,2024-06-21,2024-06-25
2024-06-25,211,someone,2024-06-19,2024-06-22,346.0,Critical,1,9,Delayed,4,2024-06-25,2024-06-28
2024-06-25,225,require,2024-06-18,2024-06-20,448.0,Critical,2,10,Delayed,3,2024-06-24,2024-06-26
2024-06-25,238,approach,2024-06-21,2024-06-24,816.0,Critical,3,10,Delayed,4,2024-06-23,2024-06-26
2024-06-26,211,someone,2024-06-19,2024-06-22,346.0,Critical,2,9,Delayed,4,2024-06-25,2024-06-28
2024-06-26,225,require,2024-06-18,2024-06-20,448.0,Critical,3,10,Completed,3,2024-06-24,2024-06-26
2024-06-26,226,can,2024-06-20,2024-06-23,451.0,Critical,1,10,Delayed,4,2024-06-26,2024-06-29
2024-06-26,238,approach,2024-06-21,2024-06-24,816.0,Critical,4,10,Completed,4,2024-06-23,2024-06-26
2024-06-27,211,someone,2024-06-19,2024-06-22,346.0,Critical,3,9,Delayed,4,2024-06-25,2024-06-28
2024-06-27,226,can,2024-06-20,2024-06-23,451.0,Critical,2,10,Delayed,4,2024-06-26,2024-06-29
2024-06-28,211,someone,2024-06-19,2024-06-22,346.0,Critical,4,9,Completed,4,2024-06-25,2024-06-28
2024-06-28,212,father,2024-06-22,2024-06-26,982.0,Critical,1,9,Delayed,4,2024-06-28,2024-07-03
2024-06-28,226,can,2024-06-20,2024-06-23,451.0,Critical,3,10,Delayed,4,2024-06-26,2024-06-29
2024-06-29,212,father,2024-06-22,2024-06-26,982.0,Critical,2,9,Delayed,4,2024-06-28,2024-07-03
2024-06-29,226,can,2024-06-20,2024-06-23,451.0,Critical,4,10,Completed,4,2024-06-26,2024-06-29
2024-06-29,227,condition,2024-06-23,2024-06-25,633.0,Critical,1,10,Delayed,3,2024-06-29,2024-07-01
2024-06-30,227,condition,2024-06-23,2024-06-25,633.0,Critical,2,10,Delayed,3,2024-06-29,2024-07-01
2024-07-01,212,father,2024-06-22,2024-06-26,982.0,Critical,3,9,Delayed,4,2024-06-28,2024-07-03
2024-07-01,227,condition,2024-06-23,2024-06-25,633.0,Critical,3,10,Completed,3,2024-06-29,2024-07-01
2024-07-01,228,doctor,2024-06-25,2024-06-28,909.0,Critical,1,10,Delayed,4,2024-07-01,2024-07-04
2024-07-02,212,father,2024-06-22,2024-06-26,982.0,Critical,3,9,Delayed,4,2024-06-28,2024-07-03
2024-07-02,228,doctor,2024-06-25,2024-06-28,909.0,Critical,2,10,Delayed,4,2024-07-01,2024-07-04
2024-07-03,212,father,2024-06-22,2024-06-26,982.0,Critical,4,9,Completed,4,2024-06-28,2024-07-03
2024-07-03,213,learn,2024-06-26,2024-06-28,779.0,Critical,1,9,Delayed,3,2024-07-03,2024-07-05
2024-07-03,228,doctor,2024-06-25,2024-06-28,909.0,Critical,3,10,Delayed,4,2024-07-01,2024-07-04
2024-07-04,213,learn,2024-06-26,2024-06-28,779.0,Critical,2,9,Delayed,3,2024-07-03,2024-07-05
2024-07-04,228,doctor,2024-06-25,2024-06-28,909.0,Critical,4,10,Completed,4,2024-07-01,2024-07-04
2024-07-04,229,agree,2024-06-28,2024-07-01,304.0,Critical,1,10,Delayed,4,2024-07-04,2024-07-07
2024-07-05,213,learn,2024-06-26,2024-06-28,779.0,Critical,3,9,Completed,3,2024-07-03,2024-07-05
2024-07-05,229,agree,2024-06-28,2024-07-01,304.0,Critical,2,10,Delayed,4,2024-07-04,2024-07-07
2024-07-06,229,agree,2024-06-28,2024-07-01,304.0,Critical,3,10,Delayed,4,2024-07-04,2024-07-07
2024-07-07,229,agree,2024-06-28,2024-07-01,304.0,Critical,4,10,Completed,4,2024-07-04,2024-07-07
