ID,Name,StartDate,EndDate,ParentTaskID,Cost,Priority,Progress,ProjectID,ActualStartDate,ActualEndDate,Status,Duration,AssigneeID,Trade,CreateDate,WeatherAssessment
1,shoulder,2020-01-27,2020-02-11,,2241.0,Critical,12,1,2020-01-27,2020-02-11,Completed,12,1,3,2024-03-25,25.0
2,final,2020-02-12,2020-02-18,1,598.0,Normal,5,1,2020-02-12,2020-02-18,Completed,5,1,3,2024-03-25,0.0
3,consider,2020-02-18,2020-02-24,2,716.0,Normal,5,1,2020-02-18,2020-02-24,Completed,5,1,3,2024-03-25,0.0
4,travel,2020-02-26,2020-03-03,3,508.0,Critical,5,1,2020-02-26,2020-03-05,Completed,5,1,1,2024-03-25,0.0
5,book,2020-03-03,2020-03-09,4,314.0,Critical,5,1,2020-03-05,2020-03-16,Completed,5,1,2,2024-03-25,40.0
6,unit,2020-03-10,2020-03-12,5,217.0,Critical,3,1,2020-03-16,2020-03-18,Completed,3,1,3,2024-03-25,0.0
7,audience,2020-03-13,2020-03-18,6,699.0,Critical,4,1,2020-03-18,2020-03-24,Completed,4,1,2,2024-03-25,0.0
8,box,2020-03-20,2020-03-23,7,465.0,Critical,2,1,2020-03-24,2020-03-27,Completed,2,1,2,2024-03-25,0.0
9,wait,2020-03-25,2020-03-30,8,480.0,Critical,4,1,2020-03-27,2020-04-01,Completed,4,1,1,2024-03-25,0.0
10,pay,2020-03-31,2020-04-02,9,295.0,Normal,3,1,2020-04-01,2020-04-03,Completed,3,1,3,2024-03-25,33.33333333333333
11,article,2020-04-02,2020-04-08,10,529.0,Normal,5,1,2020-04-03,2020-04-09,Completed,5,1,3,2024-03-25,20.0
12,ok,2020-04-09,2020-04-13,11,701.0,Normal,3,1,2020-04-09,2020-04-13,Completed,3,1,3,2024-03-25,33.33333333333333
13,science,2020-04-15,2020-04-17,12,669.0,Normal,3,1,2020-04-15,2020-04-17,Completed,3,1,3,2024-03-25,0.0
14,serious,2020-04-19,2020-04-22,13,311.0,Normal,4,1,2020-04-20,2020-04-23,Completed,4,1,2,2024-03-25,0.0
15,analysis,2020-04-23,2020-04-24,14,658.0,Normal,2,1,2020-04-23,2020-04-27,Completed,2,1,2,2024-03-25,0.0
16,result,2020-04-24,2020-04-28,15,859.0,Normal,3,1,2020-04-27,2020-04-29,Completed,3,1,2,2024-03-25,0.0
17,prevent,2020-04-30,2020-05-01,16,580.0,Normal,2,1,2020-04-30,2020-05-04,Completed,2,1,1,2024-03-25,50.0
18,feeling,2020-05-02,2020-05-06,17,347.0,Normal,4,1,2020-05-04,2020-05-07,Completed,4,1,3,2024-03-25,0.0
19,half,2020-05-07,2020-05-13,18,824.0,Critical,5,1,2020-05-07,2020-05-15,Completed,5,1,2,2024-03-25,0.0
20,cup,2020-05-15,2020-05-18,19,211.0,Normal,2,1,2020-05-15,2020-05-18,Completed,2,1,3,2024-03-25,0.0
21,two,2020-05-19,2020-05-25,20,450.0,Normal,5,1,2020-05-19,2020-05-25,Completed,5,1,3,2024-03-25,0.0
22,quality,2020-01-28,2020-02-12,,2580.0,Critical,12,1,2020-01-28,2020-02-12,Completed,12,1,4,2024-03-25,25.0
23,until,2020-02-13,2020-02-14,22,784.0,Normal,2,1,2020-02-13,2020-02-17,Completed,2,1,2,2024-03-25,0.0
24,each,2020-02-15,2020-02-20,23,835.0,Critical,5,1,2020-02-17,2020-02-24,Completed,5,1,3,2024-03-25,0.0
25,beautiful,2020-02-21,2020-02-24,24,462.0,Critical,2,1,2020-02-24,2020-02-26,Completed,2,1,1,2024-03-25,0.0
26,wife,2020-02-25,2020-02-28,25,551.0,Normal,4,1,2020-02-26,2020-03-02,Completed,4,1,3,2024-03-25,0.0
27,group,2020-03-01,2020-03-02,26,325.0,Critical,2,1,2020-03-02,2020-03-04,Completed,2,1,2,2024-03-25,0.0
28,down,2020-03-02,2020-03-05,27,327.0,Critical,4,1,2020-03-04,2020-03-10,Completed,4,1,3,2024-03-25,50.0
29,face,2020-03-07,2020-03-10,28,949.0,Critical,3,1,2020-03-10,2020-03-12,Completed,3,1,2,2024-03-25,0.0
30,wind,2020-03-10,2020-03-16,29,434.0,Critical,5,1,2020-03-12,2020-03-19,Completed,5,1,3,2024-03-25,0.0
31,group,2020-03-17,2020-03-20,30,905.0,Critical,4,1,2020-03-19,2020-03-25,Completed,4,1,1,2024-03-25,0.0
32,their,2020-03-21,2020-03-23,31,299.0,Critical,2,1,2020-03-25,2020-03-26,Completed,2,1,2,2024-03-25,0.0
33,new,2020-03-23,2020-03-24,32,370.0,Critical,2,1,2020-03-26,2020-03-27,Completed,2,1,3,2024-03-25,0.0
34,choice,2020-03-25,2020-03-30,33,908.0,Critical,4,1,2020-03-27,2020-04-07,Completed,4,1,1,2024-03-25,0.0
35,film,2020-03-30,2020-03-31,34,839.0,Critical,2,1,2020-04-07,2020-04-08,Completed,2,1,3,2024-03-25,0.0
36,professional,2020-04-02,2020-04-03,35,445.0,Critical,2,1,2020-04-08,2020-04-09,Completed,2,1,3,2024-03-25,50.0
37,assume,2020-04-03,2020-04-09,36,707.0,Critical,5,1,2020-04-09,2020-04-23,Completed,5,1,2,2024-03-25,0.0
38,institution,2020-04-10,2020-04-13,37,888.0,Critical,2,1,2020-04-23,2020-04-24,Completed,2,1,1,2024-03-25,50.0
39,her,2020-04-14,2020-04-16,38,891.0,Critical,3,1,2020-04-24,2020-04-28,Completed,3,1,1,2024-03-25,0.0
40,physical,2020-04-17,2020-04-20,39,594.0,Critical,2,1,2020-04-28,2020-04-30,Completed,2,1,3,2024-03-25,0.0
41,evening,2020-04-22,2020-04-28,40,976.0,Critical,5,1,2020-04-30,2020-05-07,Completed,5,1,2,2024-03-25,0.0
42,interest,2020-04-29,2020-05-04,41,697.0,Critical,4,1,2020-05-07,2020-05-12,Completed,4,1,2,2024-03-25,50.0
43,may,2020-01-27,2020-02-03,,2879.0,Critical,6,1,2020-01-27,2020-02-03,Completed,6,1,5,2024-03-25,33.33333333333333
44,manage,2020-02-05,2020-02-11,43,200.0,Normal,5,1,2020-02-05,2020-02-12,Completed,5,1,1,2024-03-25,20.0
45,mention,2020-02-12,2020-02-13,44,351.0,Normal,2,1,2020-02-12,2020-02-14,Completed,2,1,1,2024-03-25,0.0
46,himself,2020-02-14,2020-02-20,45,784.0,Critical,5,1,2020-02-14,2020-02-24,Completed,5,1,1,2024-03-25,0.0
47,though,2020-02-21,2020-02-27,46,684.0,Critical,5,1,2020-02-24,2020-03-03,Completed,5,1,2,2024-03-25,0.0
48,occur,2020-03-09,2020-03-14,,1069.0,Critical,6,2,2020-03-09,2020-03-15,Completed,6,1,3,2024-03-25,0.0
49,long,2020-03-15,2020-03-19,48,544.0,Normal,5,2,2020-03-15,2020-03-19,Completed,5,1,3,2024-03-25,0.0
50,drug,2020-03-19,2020-03-21,49,987.0,Normal,3,2,2020-03-19,2020-03-21,Completed,3,1,3,2024-03-25,0.0
51,beyond,2020-03-23,2020-03-26,50,338.0,Normal,4,2,2020-03-23,2020-03-27,Completed,4,1,1,2024-03-25,0.0
52,late,2020-03-27,2020-03-31,51,406.0,Critical,5,2,2020-03-27,2020-04-02,Completed,5,1,2,2024-03-25,0.0
53,increase,2020-03-31,2020-04-01,52,305.0,Critical,2,2,2020-04-02,2020-04-04,Completed,2,1,2,2024-03-25,0.0
54,like,2020-04-01,2020-04-04,53,941.0,Critical,4,2,2020-04-04,2020-04-07,Completed,4,1,3,2024-03-25,50.0
55,space,2020-04-05,2020-04-06,54,772.0,Critical,2,2,2020-04-07,2020-04-10,Completed,2,1,1,2024-03-25,0.0
56,just,2020-04-07,2020-04-10,55,714.0,Critical,4,2,2020-04-10,2020-04-15,Completed,4,1,1,2024-03-25,25.0
57,without,2020-04-10,2020-04-11,56,807.0,Critical,2,2,2020-04-15,2020-04-17,Completed,2,1,3,2024-03-25,50.0
58,oil,2020-03-10,2020-03-16,,2123.0,Critical,7,2,2020-03-10,2020-03-17,Completed,7,1,3,2024-03-25,0.0
59,inside,2020-03-17,2020-03-20,58,831.0,Normal,4,2,2020-03-17,2020-03-20,Completed,4,1,2,2024-03-25,0.0
60,another,2020-03-20,2020-03-23,59,809.0,Normal,4,2,2020-03-20,2020-03-24,Completed,4,1,2,2024-03-25,0.0
61,race,2020-03-23,2020-03-26,60,745.0,Critical,4,2,2020-03-24,2020-03-28,Completed,4,1,2,2024-03-25,0.0
62,director,2020-03-26,2020-03-27,61,535.0,Critical,2,2,2020-03-28,2020-03-29,Completed,2,1,1,2024-03-25,0.0
63,test,2020-03-28,2020-03-31,62,356.0,Critical,4,2,2020-03-29,2020-04-03,Completed,4,1,1,2024-03-25,0.0
64,represent,2020-04-02,2020-04-03,63,648.0,Critical,2,2,2020-04-03,2020-04-05,Completed,2,1,2,2024-03-25,50.0
65,personal,2020-04-05,2020-04-09,64,653.0,Normal,5,2,2020-04-05,2020-04-10,Completed,5,1,3,2024-03-25,0.0
66,entire,2020-01-20,2020-01-29,,2418.0,Critical,10,3,2020-01-20,2020-01-31,Completed,10,1,5,2024-03-25,10.0
67,particularly,2020-01-29,2020-01-31,66,898.0,Critical,3,3,2020-01-31,2020-02-03,Completed,3,1,2,2024-03-25,66.66666666666666
68,best,2020-02-01,2020-02-04,67,615.0,Critical,4,3,2020-02-03,2020-02-06,Completed,4,1,3,2024-03-25,25.0
69,operation,2020-02-06,2020-02-08,68,935.0,Normal,3,3,2020-02-06,2020-02-08,Completed,3,1,3,2024-03-25,0.0
70,treatment,2020-02-10,2020-02-13,69,693.0,Critical,4,3,2020-02-10,2020-02-15,Completed,4,1,1,2024-03-25,25.0
71,far,2020-02-14,2020-02-15,70,424.0,Normal,2,3,2020-02-15,2020-02-16,Completed,2,1,3,2024-03-25,0.0
72,because,2020-02-17,2020-02-20,71,501.0,Normal,4,3,2020-02-17,2020-02-21,Completed,4,1,2,2024-03-25,0.0
73,before,2020-02-21,2020-02-24,72,766.0,Normal,4,3,2020-02-21,2020-02-25,Completed,4,1,2,2024-03-25,0.0
74,try,2020-02-25,2020-02-29,73,806.0,Normal,5,3,2020-02-25,2020-02-29,Completed,5,1,1,2024-03-25,0.0
75,audience,2020-03-01,2020-03-04,74,515.0,Normal,4,3,2020-03-01,2020-03-04,Completed,4,1,3,2024-03-25,25.0
76,term,2020-03-05,2020-03-06,75,629.0,Normal,2,3,2020-03-05,2020-03-07,Completed,2,1,1,2024-03-25,50.0
77,vote,2020-03-06,2020-03-10,76,292.0,Critical,5,3,2020-03-07,2020-03-13,Completed,5,1,2,2024-03-25,0.0
78,enough,2020-01-23,2020-02-01,,1730.0,Critical,10,3,2020-01-23,2020-02-01,Completed,10,1,5,2024-03-25,40.0
79,but,2020-02-01,2020-02-02,78,337.0,Normal,2,3,2020-02-01,2020-02-02,Completed,2,1,3,2024-03-25,50.0
80,college,2020-02-02,2020-02-05,79,894.0,Normal,4,3,2020-02-02,2020-02-05,Completed,4,1,3,2024-03-25,0.0
81,million,2020-02-05,2020-02-08,80,787.0,Normal,4,3,2020-02-05,2020-02-09,Completed,4,1,1,2024-03-25,0.0
82,action,2020-02-09,2020-02-13,81,460.0,Normal,5,3,2020-02-09,2020-02-13,Completed,5,1,2,2024-03-25,20.0
83,to,2020-02-14,2020-02-15,82,837.0,Critical,2,3,2020-02-14,2020-02-17,Completed,2,1,2,2024-03-25,0.0
84,several,2020-02-16,2020-02-17,83,417.0,Normal,2,3,2020-02-17,2020-02-18,Completed,2,1,1,2024-03-25,0.0
85,rule,2020-02-19,2020-02-20,84,265.0,Normal,2,3,2020-02-19,2020-02-21,Completed,2,1,2,2024-03-25,0.0
86,talk,2020-02-21,2020-02-24,85,341.0,Critical,4,3,2020-02-21,2020-02-26,Completed,4,1,1,2024-03-25,0.0
87,million,2020-02-26,2020-02-27,86,701.0,Normal,2,3,2020-02-26,2020-02-27,Completed,2,1,1,2024-03-25,0.0
88,arrive,2020-01-20,2020-01-29,,1154.0,Critical,10,4,2020-01-20,2020-01-30,Completed,10,1,3,2024-03-25,10.0
89,society,2020-01-30,2020-02-02,88,230.0,Normal,4,4,2020-01-30,2020-02-02,Completed,4,1,3,2024-03-25,75.0
90,successful,2020-02-03,2020-02-06,89,357.0,Normal,4,4,2020-02-03,2020-02-07,Completed,4,1,3,2024-03-25,0.0
91,ok,2020-02-06,2020-02-08,90,984.0,Normal,3,4,2020-02-07,2020-02-09,Completed,3,1,1,2024-03-25,0.0
92,buy,2020-02-08,2020-02-10,91,338.0,Normal,3,4,2020-02-09,2020-02-11,Completed,3,1,1,2024-03-25,33.33333333333333
93,decision,2020-02-12,2020-02-14,92,263.0,Critical,3,4,2020-02-12,2020-02-16,Completed,3,1,2,2024-03-25,0.0
94,bed,2020-02-15,2020-02-19,93,600.0,Critical,5,4,2020-02-16,2020-02-22,Completed,5,1,2,2024-03-25,0.0
95,bank,2020-02-21,2020-02-24,94,886.0,Critical,4,4,2020-02-22,2020-02-26,Completed,4,1,1,2024-03-25,0.0
96,nor,2020-02-25,2020-02-26,95,605.0,Normal,2,4,2020-02-26,2020-02-27,Completed,2,1,1,2024-03-25,0.0
97,pretty,2020-02-28,2020-02-29,96,906.0,Normal,2,4,2020-02-28,2020-02-29,Completed,2,1,3,2024-03-25,0.0
98,recently,2020-02-29,2020-03-04,97,237.0,Critical,5,4,2020-02-29,2020-03-08,Completed,5,1,1,2024-03-25,20.0
99,citizen,2020-03-05,2020-03-09,98,779.0,Critical,5,4,2020-03-08,2020-03-13,Completed,5,1,3,2024-03-25,20.0
100,service,2020-03-10,2020-03-14,99,434.0,Critical,5,4,2020-03-13,2020-03-19,Completed,5,1,1,2024-03-25,0.0
101,consider,2020-03-15,2020-03-17,100,421.0,Critical,3,4,2020-03-19,2020-03-24,Completed,3,1,2,2024-03-25,0.0
102,away,2020-01-20,2020-01-30,,2402.0,Critical,11,4,2020-01-20,2020-01-31,Completed,11,1,5,2024-03-25,18.181818181818183
103,tree,2020-02-01,2020-02-05,102,235.0,Normal,5,4,2020-02-01,2020-02-05,Completed,5,1,2,2024-03-25,20.0
104,hospital,2020-02-05,2020-02-06,103,589.0,Normal,2,4,2020-02-05,2020-02-06,Completed,2,1,3,2024-03-25,0.0
105,back,2020-02-08,2020-02-11,104,630.0,Normal,4,4,2020-02-08,2020-02-12,Completed,4,1,1,2024-03-25,25.0
106,behavior,2020-02-11,2020-02-12,105,347.0,Normal,2,4,2020-02-12,2020-02-13,Completed,2,1,2,2024-03-25,0.0
107,think,2020-02-12,2020-02-16,106,945.0,Critical,5,4,2020-02-13,2020-02-18,Completed,5,1,1,2024-03-25,0.0
108,role,2020-02-16,2020-02-20,107,827.0,Critical,5,4,2020-02-18,2020-02-22,Completed,5,1,2,2024-03-25,0.0
109,message,2020-02-22,2020-02-26,108,804.0,Normal,5,4,2020-02-22,2020-02-27,Completed,5,1,3,2024-03-25,0.0
110,challenge,2020-02-27,2020-03-02,109,989.0,Normal,5,4,2020-02-27,2020-03-03,Completed,5,1,3,2024-03-25,0.0
111,peace,2020-03-03,2020-03-04,110,927.0,Normal,2,4,2020-03-03,2020-03-05,Completed,2,1,3,2024-03-25,50.0
112,dog,2020-03-06,2020-03-09,111,510.0,Normal,4,4,2020-03-06,2020-03-10,Completed,4,1,2,2024-03-25,0.0
113,toward,2020-03-09,2020-03-10,112,946.0,Critical,2,4,2020-03-10,2020-03-12,Completed,2,1,1,2024-03-25,0.0
114,rather,2020-03-12,2020-03-13,113,209.0,Critical,2,4,2020-03-12,2020-03-15,Completed,2,1,1,2024-03-25,0.0
115,option,2020-03-14,2020-03-18,114,590.0,Critical,5,4,2020-03-15,2020-03-24,Completed,5,1,2,2024-03-25,0.0
116,your,2020-01-20,2020-01-31,,2325.0,Critical,12,4,2020-01-20,2020-02-02,Completed,12,1,3,2024-03-25,25.0
117,which,2020-01-31,2020-02-02,116,547.0,Critical,3,4,2020-02-02,2020-02-06,Completed,3,1,1,2024-03-25,66.66666666666666
118,right,2020-02-04,2020-02-07,117,895.0,Critical,4,4,2020-02-06,2020-02-09,Completed,4,1,3,2024-03-25,0.0
119,example,2020-02-09,2020-02-13,118,878.0,Normal,5,4,2020-02-09,2020-02-13,Completed,5,1,1,2024-03-25,20.0
120,agency,2020-02-15,2020-02-18,119,564.0,Normal,4,4,2020-02-15,2020-02-19,Completed,4,1,3,2024-03-25,0.0
121,one,2020-02-20,2020-02-22,120,373.0,Normal,3,4,2020-02-20,2020-02-22,Completed,3,1,3,2024-03-25,0.0
122,involve,2020-02-22,2020-02-26,121,395.0,Normal,5,4,2020-02-22,2020-02-26,Completed,5,1,3,2024-03-25,0.0
123,charge,2020-02-27,2020-03-02,122,981.0,Normal,5,4,2020-02-27,2020-03-02,Completed,5,1,3,2024-03-25,0.0
124,Republican,2020-02-10,2020-02-20,,1074.0,Critical,11,5,2020-02-10,2020-02-20,Completed,11,1,4,2024-03-25,9.090909090909092
125,somebody,2020-02-22,2020-02-25,124,381.0,Critical,4,5,2020-02-22,2020-03-02,Completed,4,1,2,2024-03-25,0.0
126,blue,2020-02-27,2020-03-02,125,482.0,Critical,5,5,2020-03-02,2020-03-06,Completed,5,1,2,2024-03-25,0.0
127,bad,2020-03-04,2020-03-06,126,315.0,Critical,3,5,2020-03-06,2020-03-09,Completed,3,1,1,2024-03-25,66.66666666666666
128,rock,2020-03-06,2020-03-10,127,635.0,Critical,5,5,2020-03-09,2020-03-14,Completed,5,1,3,2024-03-25,0.0
129,reason,2020-03-10,2020-03-13,128,796.0,Critical,4,5,2020-03-14,2020-03-19,Completed,4,1,2,2024-03-25,0.0
130,somebody,2020-03-15,2020-03-16,129,252.0,Critical,2,5,2020-03-19,2020-03-20,Completed,2,1,1,2024-03-25,0.0
131,edge,2020-03-16,2020-03-18,130,418.0,Critical,3,5,2020-03-20,2020-03-23,Completed,3,1,3,2024-03-25,0.0
132,little,2020-03-20,2020-03-22,131,830.0,Critical,3,5,2020-03-23,2020-03-25,Completed,3,1,2,2024-03-25,0.0
133,raise,2020-03-22,2020-03-25,132,540.0,Critical,4,5,2020-03-25,2020-03-29,Completed,4,1,2,2024-03-25,0.0
134,dream,2020-03-27,2020-03-29,133,372.0,Critical,3,5,2020-03-29,2020-04-01,Completed,3,1,3,2024-03-25,0.0
135,list,2020-03-29,2020-04-02,134,818.0,Critical,5,5,2020-04-01,2020-04-06,Completed,5,1,1,2024-03-25,20.0
136,about,2020-04-04,2020-04-08,135,285.0,Critical,5,5,2020-04-06,2020-04-10,Completed,5,1,2,2024-03-25,20.0
137,back,2020-04-09,2020-04-12,136,257.0,Critical,4,5,2020-04-10,2020-04-15,Completed,4,1,1,2024-03-25,25.0
138,sell,2020-02-12,2020-02-18,,1583.0,Critical,7,5,2020-02-12,2020-02-18,Completed,7,1,5,2024-03-25,0.0
139,national,2020-02-20,2020-02-21,138,681.0,Normal,2,5,2020-02-20,2020-02-21,Completed,2,1,3,2024-03-25,0.0
140,administration,2020-02-22,2020-02-26,139,521.0,Normal,5,5,2020-02-22,2020-02-26,Completed,5,1,3,2024-03-25,0.0
141,image,2020-02-27,2020-03-02,140,801.0,Normal,5,5,2020-02-27,2020-03-03,Completed,5,1,3,2024-03-25,0.0
142,buy,2020-03-04,2020-03-08,141,215.0,Normal,5,5,2020-03-04,2020-03-08,Completed,5,1,1,2024-03-25,40.0
143,forget,2020-03-10,2020-03-13,142,911.0,Normal,4,5,2020-03-10,2020-03-13,Completed,4,1,3,2024-03-25,0.0
144,perhaps,2020-03-13,2020-03-14,143,821.0,Normal,2,5,2020-03-13,2020-03-15,Completed,2,1,1,2024-03-25,0.0
145,reality,2020-03-14,2020-03-17,144,742.0,Critical,4,5,2020-03-15,2020-03-22,Completed,4,1,2,2024-03-25,0.0
146,provide,2020-03-18,2020-03-19,145,203.0,Critical,2,5,2020-03-22,2020-03-23,Completed,2,1,3,2024-03-25,0.0
147,laugh,2020-03-19,2020-03-22,146,759.0,Critical,4,5,2020-03-23,2020-03-30,Completed,4,1,1,2024-03-25,0.0
148,inside,2020-03-23,2020-03-25,147,911.0,Critical,3,5,2020-03-30,2020-04-03,Completed,3,1,2,2024-03-25,0.0
149,career,2020-03-26,2020-03-30,148,506.0,Critical,5,5,2020-04-03,2020-04-11,Completed,5,1,1,2024-03-25,0.0
150,almost,2020-03-31,2020-04-01,149,591.0,Critical,2,5,2020-04-11,2020-04-14,Completed,2,1,1,2024-03-25,0.0
151,whether,2020-04-03,2020-04-05,150,409.0,Critical,3,5,2020-04-14,2020-04-17,Completed,3,1,1,2024-03-25,33.33333333333333
152,piece,2020-02-10,2020-02-17,,2429.0,Critical,8,5,2020-02-10,2020-02-17,Completed,8,1,5,2024-03-25,12.5
153,nature,2020-02-18,2020-02-19,152,292.0,Normal,2,5,2020-02-18,2020-02-19,Completed,2,1,2,2024-03-25,0.0
154,pull,2020-02-20,2020-02-22,153,359.0,Normal,3,5,2020-02-20,2020-02-23,Completed,3,1,1,2024-03-25,0.0
155,compare,2020-02-22,2020-02-25,154,859.0,Normal,4,5,2020-02-23,2020-02-26,Completed,4,1,1,2024-03-25,0.0
156,easy,2020-02-26,2020-02-28,155,371.0,Critical,3,5,2020-02-26,2020-03-01,Completed,3,1,1,2024-03-25,0.0
157,modern,2020-03-01,2020-03-03,156,900.0,Normal,3,5,2020-03-01,2020-03-04,Completed,3,1,1,2024-03-25,0.0
158,term,2020-02-10,2020-02-16,,1699.0,Critical,7,6,2020-02-10,2020-02-16,Completed,7,1,4,2024-03-25,14.285714285714285
159,weight,2020-02-18,2020-02-21,158,220.0,Critical,4,6,2020-02-18,2020-02-23,Completed,4,1,2,2024-03-25,0.0
160,successful,2020-02-23,2020-02-25,159,333.0,Normal,3,6,2020-02-23,2020-02-26,Completed,3,1,3,2024-03-25,0.0
161,believe,2020-02-27,2020-02-28,160,495.0,Normal,2,6,2020-02-27,2020-02-28,Completed,2,1,3,2024-03-25,0.0
162,me,2020-02-28,2020-03-02,161,208.0,Normal,4,6,2020-02-28,2020-03-02,Completed,4,1,2,2024-03-25,0.0
163,begin,2020-03-04,2020-03-06,162,796.0,Normal,3,6,2020-03-04,2020-03-07,Completed,3,1,1,2024-03-25,66.66666666666666
164,system,2020-03-08,2020-03-10,163,532.0,Normal,3,6,2020-03-08,2020-03-10,Completed,3,1,1,2024-03-25,0.0
165,treatment,2020-03-11,2020-03-12,164,519.0,Normal,2,6,2020-03-11,2020-03-13,Completed,2,1,3,2024-03-25,0.0
166,second,2020-03-14,2020-03-18,165,533.0,Critical,5,6,2020-03-14,2020-03-20,Completed,5,1,1,2024-03-25,0.0
167,herself,2020-03-20,2020-03-22,166,424.0,Normal,3,6,2020-03-20,2020-03-23,Completed,3,1,3,2024-03-25,0.0
168,cover,2020-03-22,2020-03-23,167,966.0,Normal,2,6,2020-03-23,2020-03-24,Completed,2,1,3,2024-03-25,0.0
169,onto,2020-03-24,2020-03-28,168,339.0,Normal,5,6,2020-03-24,2020-03-29,Completed,5,1,2,2024-03-25,0.0
170,mean,2020-03-28,2020-03-31,169,964.0,Normal,4,6,2020-03-29,2020-04-01,Completed,4,1,3,2024-03-25,0.0
171,appear,2020-04-02,2020-04-06,170,299.0,Normal,5,6,2020-04-02,2020-04-07,Completed,5,1,2,2024-03-25,40.0
172,story,2020-04-08,2020-04-09,171,862.0,Normal,2,6,2020-04-08,2020-04-09,Completed,2,1,3,2024-03-25,0.0
173,deep,2020-02-12,2020-02-22,,1957.0,Critical,11,6,2020-02-12,2020-02-22,Completed,11,1,5,2024-03-25,0.0
174,know,2020-02-24,2020-02-28,173,817.0,Normal,5,6,2020-02-24,2020-02-28,Completed,5,1,3,2024-03-25,0.0
175,write,2020-02-28,2020-03-01,174,745.0,Normal,3,6,2020-02-28,2020-03-01,Completed,3,1,3,2024-03-25,0.0
176,may,2020-03-01,2020-03-02,175,886.0,Normal,2,6,2020-03-01,2020-03-02,Completed,2,1,3,2024-03-25,0.0
177,option,2020-03-02,2020-03-06,176,964.0,Normal,5,6,2020-03-02,2020-03-06,Completed,5,1,2,2024-03-25,40.0
178,able,2020-03-08,2020-03-09,177,203.0,Normal,2,6,2020-03-08,2020-03-09,Completed,2,1,3,2024-03-25,0.0
179,never,2020-03-10,2020-03-12,178,201.0,Normal,3,6,2020-03-10,2020-03-12,Completed,3,1,3,2024-03-25,0.0
180,policy,2020-03-12,2020-03-15,179,904.0,Normal,4,6,2020-03-12,2020-03-15,Completed,4,1,2,2024-03-25,0.0
181,director,2020-03-15,2020-03-17,180,615.0,Normal,3,6,2020-03-15,2020-03-17,Completed,3,1,1,2024-03-25,0.0
182,include,2020-03-17,2020-03-21,181,839.0,Critical,5,6,2020-03-17,2020-03-23,Completed,5,1,1,2024-03-25,0.0
183,them,2020-03-23,2020-03-27,182,896.0,Critical,5,6,2020-03-23,2020-03-30,Completed,5,1,2,2024-03-25,0.0
184,probably,2020-03-28,2020-03-30,183,881.0,Critical,3,6,2020-03-30,2020-04-02,Completed,3,1,1,2024-03-25,0.0
185,form,2020-03-31,2020-04-03,184,909.0,Critical,4,6,2020-04-02,2020-04-06,Completed,4,1,3,2024-03-25,25.0
186,from,2020-04-05,2020-04-06,185,551.0,Normal,2,6,2020-04-06,2020-04-07,Completed,2,1,2,2024-03-25,0.0
187,enter,2020-04-08,2020-04-12,186,426.0,Critical,5,6,2020-04-08,2020-04-16,Completed,5,1,3,2024-03-25,20.0
188,little,2020-02-12,2020-02-17,,2726.0,Critical,6,6,2020-02-12,2020-02-17,Completed,6,1,3,2024-03-25,0.0
189,book,2020-02-18,2020-02-21,188,415.0,Normal,4,6,2020-02-18,2020-02-21,Completed,4,1,2,2024-03-25,0.0
190,easy,2020-02-23,2020-02-24,189,776.0,Normal,2,6,2020-02-23,2020-02-24,Completed,2,1,2,2024-03-25,0.0
191,ten,2020-02-24,2020-02-25,190,609.0,Normal,2,6,2020-02-24,2020-02-25,Completed,2,1,3,2024-03-25,0.0
192,prove,2020-02-25,2020-02-28,191,964.0,Normal,4,6,2020-02-25,2020-02-28,Completed,4,1,2,2024-03-25,0.0
193,yes,2020-02-10,2020-02-22,,2813.0,Critical,12,7,2020-02-10,2020-02-24,Completed,12,1,4,2024-03-25,8.333333333333332
194,language,2020-02-24,2020-02-28,193,876.0,Normal,5,7,2020-02-24,2020-02-29,Completed,5,1,2,2024-03-25,0.0
195,board,2020-02-28,2020-03-04,194,972.0,Critical,5,7,2020-02-29,2020-03-06,Completed,5,1,2,2024-03-25,20.0
196,interest,2020-03-06,2020-03-11,195,518.0,Normal,5,7,2020-03-06,2020-03-11,Completed,5,1,1,2024-03-25,0.0
197,collection,2020-03-13,2020-03-18,196,713.0,Normal,5,7,2020-03-13,2020-03-19,Completed,5,1,3,2024-03-25,0.0
198,cold,2020-03-20,2020-03-25,197,392.0,Critical,5,7,2020-03-20,2020-03-27,Completed,5,1,2,2024-03-25,0.0
199,audience,2020-03-25,2020-03-30,198,681.0,Critical,5,7,2020-03-27,2020-04-02,Completed,5,1,1,2024-03-25,0.0
200,mission,2020-04-01,2020-04-02,199,741.0,Normal,2,7,2020-04-02,2020-04-03,Completed,2,1,1,2024-03-25,50.0
201,season,2020-04-04,2020-04-07,200,812.0,Normal,3,7,2020-04-04,2020-04-07,Completed,3,1,3,2024-03-25,33.33333333333333
202,glass,2020-04-07,2020-04-10,201,264.0,Critical,4,7,2020-04-07,2020-04-15,Completed,4,1,2,2024-03-25,25.0
203,certain,2020-04-11,2020-04-16,202,463.0,Critical,5,7,2020-04-15,2020-04-23,Completed,5,1,3,2024-03-25,0.0
204,agreement,2020-04-18,2020-04-23,203,812.0,Critical,5,7,2020-04-23,2020-04-29,Completed,5,1,2,2024-03-25,0.0
205,senior,2020-04-25,2020-04-30,204,974.0,Critical,5,7,2020-04-29,2020-05-08,Completed,5,1,1,2024-03-25,40.0
206,as,2020-05-01,2020-05-06,205,491.0,Critical,5,7,2020-05-08,2020-05-13,Completed,5,1,3,2024-03-25,0.0
207,during,2020-05-07,2020-05-08,206,624.0,Critical,2,7,2020-05-13,2020-05-15,Completed,2,1,2,2024-03-25,0.0
208,just,2020-05-10,2020-05-13,207,978.0,Critical,4,7,2020-05-15,2020-05-19,Completed,4,1,1,2024-03-25,0.0
209,story,2020-02-11,2020-02-18,,2450.0,Critical,7,7,2020-02-11,2020-02-18,Completed,7,1,3,2024-03-25,0.0
210,continue,2020-02-20,2020-02-22,209,866.0,Normal,3,7,2020-02-20,2020-02-22,Completed,3,1,2,2024-03-25,0.0
211,do,2020-02-22,2020-02-26,210,460.0,Critical,4,7,2020-02-22,2020-02-28,Completed,4,1,2,2024-03-25,0.0
212,thought,2020-02-27,2020-02-28,211,832.0,Normal,2,7,2020-02-28,2020-02-29,Completed,2,1,2,2024-03-25,0.0
213,usually,2020-03-01,2020-03-04,212,696.0,Normal,4,7,2020-03-02,2020-03-05,Completed,4,1,1,2024-03-25,33.33333333333333
214,win,2020-03-04,2020-03-05,213,361.0,Normal,2,7,2020-03-05,2020-03-06,Completed,2,1,2,2024-03-25,100.0
215,assume,2020-03-05,2020-03-10,214,745.0,Normal,5,7,2020-03-06,2020-03-11,Completed,5,1,3,2024-03-25,20.0
216,he,2020-03-10,2020-03-14,215,336.0,Critical,5,7,2020-03-11,2020-03-19,Completed,5,1,1,2024-03-25,0.0
217,become,2020-03-15,2020-03-17,216,605.0,Critical,3,7,2020-03-19,2020-03-21,Completed,3,1,3,2024-03-25,0.0
218,gas,2020-03-19,2020-03-24,217,348.0,Critical,5,7,2020-03-21,2020-04-01,Completed,5,1,2,2024-03-25,0.0
219,fire,2020-03-24,2020-03-28,218,897.0,Critical,5,7,2020-04-01,2020-04-09,Completed,5,1,1,2024-03-25,0.0
220,pass,2020-03-29,2020-04-02,219,432.0,Critical,5,7,2020-04-09,2020-04-15,Completed,5,1,3,2024-03-25,25.0
221,along,2020-04-04,2020-04-07,220,342.0,Critical,3,7,2020-04-15,2020-04-21,Completed,3,1,1,2024-03-25,33.33333333333333
222,doctor,2020-04-08,2020-04-13,221,705.0,Critical,5,7,2020-04-21,2020-04-27,Completed,5,1,3,2024-03-25,20.0
223,people,2020-04-15,2020-04-18,222,785.0,Critical,4,7,2020-04-27,2020-05-01,Completed,4,1,3,2024-03-25,0.0
224,second,2020-04-19,2020-04-22,223,493.0,Critical,4,7,2020-05-01,2020-05-05,Completed,4,1,3,2024-03-25,0.0
225,agreement,2020-02-10,2020-02-21,,1183.0,Critical,11,7,2020-02-10,2020-02-22,Completed,11,1,5,2024-03-25,9.090909090909092
226,use,2020-02-23,2020-02-25,225,205.0,Critical,3,7,2020-02-24,2020-02-28,Completed,3,1,2,2024-03-25,0.0
227,herself,2020-02-27,2020-03-02,226,275.0,Critical,4,7,2020-02-28,2020-03-04,Completed,4,1,1,2024-03-25,0.0
228,wife,2020-03-04,2020-03-05,227,749.0,Normal,2,7,2020-03-04,2020-03-05,Completed,2,1,2,2024-03-25,100.0
229,color,2020-03-06,2020-03-10,228,845.0,Critical,4,7,2020-03-06,2020-03-13,Completed,4,1,2,2024-03-25,0.0
230,analysis,2020-03-12,2020-03-16,229,770.0,Normal,4,7,2020-03-13,2020-03-17,Completed,4,1,2,2024-03-25,0.0
231,successful,2020-03-18,2020-03-23,230,773.0,Normal,5,7,2020-03-18,2020-03-24,Completed,5,1,3,2024-03-25,0.0
232,third,2020-03-25,2020-03-28,231,987.0,Normal,4,7,2020-03-25,2020-03-30,Completed,4,1,2,2024-03-25,0.0
233,phone,2020-03-30,2020-04-01,232,765.0,Critical,3,7,2020-03-30,2020-04-03,Completed,3,1,1,2024-03-25,0.0
234,cup,2020-01-27,2020-02-04,,2864.0,Critical,8,8,2020-01-27,2020-02-05,Completed,8,1,4,2024-03-25,37.5
235,nearly,2020-02-06,2020-02-07,234,643.0,Normal,2,8,2020-02-06,2020-02-08,Completed,2,1,3,2024-03-25,0.0
236,official,2020-02-08,2020-02-11,235,587.0,Normal,3,8,2020-02-08,2020-02-12,Completed,3,1,1,2024-03-25,33.33333333333333
237,fish,2020-02-11,2020-02-12,236,909.0,Normal,2,8,2020-02-12,2020-02-13,Completed,2,1,3,2024-03-25,0.0
238,require,2020-02-13,2020-02-17,237,988.0,Normal,4,8,2020-02-13,2020-02-17,Completed,4,1,3,2024-03-25,0.0
239,eye,2020-02-19,2020-02-24,238,494.0,Normal,5,8,2020-02-19,2020-02-24,Completed,5,1,3,2024-03-25,0.0
240,loss,2020-02-26,2020-02-29,239,475.0,Normal,4,8,2020-02-26,2020-02-29,Completed,4,1,3,2024-03-25,0.0
241,marriage,2020-02-29,2020-03-05,240,547.0,Critical,5,8,2020-02-29,2020-03-07,Completed,5,1,2,2024-03-25,40.0
242,new,2020-03-07,2020-03-11,241,995.0,Normal,4,8,2020-03-07,2020-03-12,Completed,4,1,1,2024-03-25,0.0
243,think,2020-03-12,2020-03-14,242,765.0,Critical,3,8,2020-03-12,2020-03-17,Completed,3,1,2,2024-03-25,0.0
244,happy,2020-03-16,2020-03-20,243,918.0,Critical,5,8,2020-03-17,2020-03-23,Completed,5,1,1,2024-03-25,0.0
245,easy,2020-01-30,2020-02-12,,1921.0,Critical,12,8,2020-01-30,2020-02-14,Completed,12,1,4,2024-03-25,33.33333333333333
246,trip,2020-02-14,2020-02-15,245,234.0,Normal,2,8,2020-02-14,2020-02-15,Completed,2,1,3,2024-03-25,0.0
247,determine,2020-02-15,2020-02-17,246,895.0,Normal,2,8,2020-02-15,2020-02-17,Completed,2,1,2,2024-03-25,0.0
248,reduce,2020-02-19,2020-02-20,247,907.0,Normal,2,8,2020-02-19,2020-02-20,Completed,2,1,1,2024-03-25,0.0
249,thousand,2020-02-21,2020-02-25,248,677.0,Normal,4,8,2020-02-21,2020-02-25,Completed,4,1,1,2024-03-25,0.0
250,as,2020-02-27,2020-03-02,249,309.0,Critical,4,8,2020-02-27,2020-03-04,Completed,4,1,1,2024-03-25,0.0
251,energy,2020-03-04,2020-03-07,250,950.0,Normal,4,8,2020-03-04,2020-03-07,Completed,4,1,3,2024-03-25,50.0
252,federal,2020-03-07,2020-03-10,251,281.0,Critical,3,8,2020-03-07,2020-03-12,Completed,3,1,2,2024-03-25,0.0
253,magazine,2020-01-27,2020-02-11,,2101.0,Critical,12,9,2020-01-27,2020-02-13,Completed,12,1,4,2024-03-25,25.0
254,recent,2020-02-13,2020-02-17,253,359.0,Normal,3,9,2020-02-13,2020-02-18,Completed,3,1,1,2024-03-25,0.0
255,range,2020-02-18,2020-02-20,254,951.0,Normal,3,9,2020-02-18,2020-02-21,Completed,3,1,1,2024-03-25,0.0
256,green,2020-02-20,2020-02-25,255,563.0,Critical,4,9,2020-02-21,2020-02-27,Completed,4,1,2,2024-03-25,0.0
257,leg,2020-02-25,2020-03-02,256,230.0,Critical,5,9,2020-02-27,2020-03-05,Completed,5,1,2,2024-03-25,0.0
258,music,2020-03-02,2020-03-04,257,796.0,Critical,3,9,2020-03-05,2020-03-09,Completed,3,1,1,2024-03-25,33.33333333333333
259,analysis,2020-03-04,2020-03-09,258,493.0,Critical,4,9,2020-03-09,2020-03-12,Completed,4,1,2,2024-03-25,50.0
260,follow,2020-03-10,2020-03-11,259,590.0,Critical,2,9,2020-03-12,2020-03-16,Completed,2,1,1,2024-03-25,0.0
261,left,2020-03-11,2020-03-12,260,489.0,Critical,2,9,2020-03-16,2020-03-17,Completed,2,1,1,2024-03-25,0.0
262,only,2020-03-13,2020-03-19,261,783.0,Critical,5,9,2020-03-17,2020-03-26,Completed,5,1,1,2024-03-25,0.0
263,development,2020-03-21,2020-03-25,262,273.0,Critical,4,9,2020-03-26,2020-04-03,Completed,4,1,1,2024-03-25,0.0
264,event,2020-03-25,2020-03-31,263,599.0,Critical,5,9,2020-04-03,2020-04-16,Completed,5,1,2,2024-03-25,0.0
265,popular,2020-04-01,2020-04-06,264,506.0,Critical,4,9,2020-04-16,2020-04-23,Completed,4,1,3,2024-03-25,25.0
266,yes,2020-04-08,2020-04-10,265,921.0,Critical,3,9,2020-04-23,2020-04-27,Completed,3,1,2,2024-03-25,33.33333333333333
267,stop,2020-04-12,2020-04-13,266,973.0,Critical,2,9,2020-04-27,2020-04-30,Completed,2,1,2,2024-03-25,0.0
268,word,2020-04-14,2020-04-16,267,363.0,Critical,3,9,2020-04-30,2020-05-06,Completed,3,1,1,2024-03-25,0.0
269,tough,2020-04-17,2020-04-21,268,204.0,Critical,3,9,2020-05-06,2020-05-11,Completed,3,1,2,2024-03-25,0.0
270,own,2020-04-21,2020-04-27,269,675.0,Critical,5,9,2020-05-11,2020-05-15,Completed,5,1,3,2024-03-25,0.0
271,themselves,2020-01-27,2020-02-07,,1551.0,Critical,10,9,2020-01-27,2020-02-10,Completed,10,1,4,2024-03-25,20.0
272,system,2020-02-07,2020-02-10,271,411.0,Normal,2,9,2020-02-10,2020-02-11,Completed,2,1,3,2024-03-25,50.0
273,so,2020-02-12,2020-02-18,272,838.0,Critical,5,9,2020-02-12,2020-02-21,Completed,5,1,3,2024-03-25,0.0
274,before,2020-02-19,2020-02-20,273,426.0,Critical,2,9,2020-02-21,2020-02-24,Completed,2,1,3,2024-03-25,0.0
275,prevent,2020-02-21,2020-02-26,274,749.0,Normal,4,9,2020-02-24,2020-02-27,Completed,4,1,3,2024-03-25,0.0
276,behind,2020-02-26,2020-02-28,275,632.0,Critical,3,9,2020-02-27,2020-03-03,Completed,3,1,3,2024-03-25,0.0
277,provide,2020-02-29,2020-03-02,276,208.0,Critical,2,9,2020-03-03,2020-03-04,Completed,2,1,2,2024-03-25,0.0
278,apply,2020-03-03,2020-03-05,277,934.0,Normal,3,9,2020-03-04,2020-03-06,Completed,3,1,1,2024-03-25,66.66666666666666
279,argue,2020-03-05,2020-03-09,278,554.0,Critical,3,9,2020-03-06,2020-03-17,Completed,3,1,1,2024-03-25,33.33333333333333
280,eight,2020-03-10,2020-03-13,279,394.0,Critical,4,9,2020-03-17,2020-03-20,Completed,4,1,3,2024-03-25,0.0
281,safe,2020-03-15,2020-03-17,280,497.0,Critical,3,9,2020-03-20,2020-03-24,Completed,3,1,3,2024-03-25,0.0
282,center,2020-03-19,2020-03-24,281,288.0,Critical,4,9,2020-03-24,2020-03-30,Completed,4,1,3,2024-03-25,0.0
283,simple,2020-01-20,2020-01-29,,1389.0,Critical,8,10,2020-01-20,2020-01-31,Completed,8,1,5,2024-03-25,12.5
284,kind,2020-01-29,2020-02-04,283,921.0,Critical,5,10,2020-01-31,2020-02-07,Completed,5,1,2,2024-03-25,40.0
285,think,2020-02-06,2020-02-07,284,908.0,Normal,2,10,2020-02-07,2020-02-10,Completed,2,1,1,2024-03-25,0.0
286,recognize,2020-02-07,2020-02-12,285,855.0,Critical,4,10,2020-02-10,2020-02-17,Completed,4,1,2,2024-03-25,25.0
287,just,2020-02-12,2020-02-18,286,740.0,Critical,5,10,2020-02-17,2020-02-26,Completed,5,1,1,2024-03-25,0.0
288,almost,2020-02-19,2020-02-25,287,860.0,Critical,5,10,2020-02-26,2020-03-04,Completed,5,1,3,2024-03-25,0.0
289,better,2020-02-27,2020-03-03,288,900.0,Critical,4,10,2020-03-04,2020-03-09,Completed,4,1,3,2024-03-25,0.0
290,while,2020-03-04,2020-03-05,289,923.0,Critical,2,10,2020-03-09,2020-03-10,Completed,2,1,1,2024-03-25,100.0
291,blood,2020-03-06,2020-03-12,290,552.0,Critical,5,10,2020-03-10,2020-03-18,Completed,5,1,3,2024-03-25,0.0
292,above,2020-03-14,2020-03-19,291,393.0,Critical,5,10,2020-03-18,2020-03-27,Completed,5,1,1,2024-03-25,0.0
293,especially,2020-03-21,2020-03-23,292,270.0,Critical,2,10,2020-03-27,2020-03-30,Completed,2,1,3,2024-03-25,0.0
294,describe,2020-03-23,2020-03-25,293,831.0,Critical,3,10,2020-03-30,2020-04-01,Completed,3,1,1,2024-03-25,0.0
295,provide,2020-03-27,2020-04-02,294,446.0,Critical,5,10,2020-04-01,2020-04-07,Completed,5,1,3,2024-03-25,20.0
296,security,2020-04-02,2020-04-07,295,699.0,Critical,4,10,2020-04-07,2020-04-13,Completed,4,1,2,2024-03-25,25.0
297,risk,2020-04-08,2020-04-10,296,491.0,Critical,3,10,2020-04-13,2020-04-20,Completed,3,1,2,2024-03-25,33.33333333333333
298,unit,2020-04-12,2020-04-15,297,953.0,Critical,4,10,2020-04-20,2020-04-23,Completed,4,1,3,2024-03-25,0.0
299,must,2020-01-20,2020-01-29,,2486.0,Critical,8,10,2020-01-20,2020-01-31,Completed,8,1,5,2024-03-25,12.5
300,offer,2020-01-30,2020-01-31,299,725.0,Critical,2,10,2020-01-31,2020-02-04,Completed,2,1,2,2024-03-25,100.0
301,stage,2020-01-31,2020-02-05,300,370.0,Critical,4,10,2020-02-04,2020-02-10,Completed,4,1,1,2024-03-25,25.0
302,address,2020-02-05,2020-02-11,301,827.0,Critical,5,10,2020-02-10,2020-02-14,Completed,5,1,1,2024-03-25,20.0
303,speak,2020-02-12,2020-02-13,302,473.0,Critical,2,10,2020-02-14,2020-02-17,Completed,2,1,1,2024-03-25,0.0
304,inside,2020-02-15,2020-02-19,303,429.0,Critical,4,10,2020-02-17,2020-02-21,Completed,4,1,2,2024-03-25,0.0
305,just,2020-02-20,2020-02-26,304,729.0,Normal,5,10,2020-02-21,2020-02-27,Completed,5,1,3,2024-03-25,0.0
306,edge,2020-02-27,2020-02-28,305,735.0,Normal,2,10,2020-02-27,2020-02-28,Completed,2,1,3,2024-03-25,0.0
307,mention,2020-03-01,2020-03-02,306,497.0,Normal,2,10,2020-03-02,2020-03-03,Completed,2,1,2,2024-03-25,0.0
308,outside,2020-03-03,2020-03-06,307,848.0,Normal,4,10,2020-03-03,2020-03-06,Completed,4,1,3,2024-03-25,50.0
309,both,2020-03-08,2020-03-10,308,328.0,Critical,3,10,2020-03-09,2020-03-12,Completed,3,1,1,2024-03-25,0.0
310,fact,2020-03-11,2020-03-13,309,591.0,Critical,3,10,2020-03-12,2020-03-18,Completed,3,1,2,2024-03-25,0.0
